Workbook

Sheet ANLEITUNG
B2: Dienstdokumentation – so funktioniert's
B4: EINMALIG | C4: LISTEN | D4: Jahr, Einrichtung, Angebote und Namen des Teams eintragen (gelbe Zellen). Neue Angebote/Namen erscheinen sofort in allen Dropdowns und Auswertungen.
B5: TÄGLICH | C5: ERFASSUNG | D5: Pro durchgeführtem Angebot EINE Zeile: Datum, Angebot, Stunden, Anzahl w/d/m, Altersgruppen, wer Dienst hatte und Notizen. Einfach unten weiterschreiben.
B6: WÖCHENTLICH | C6: WOCHE | D6: Kalenderwoche oben eintragen → Tage, Angebote, Team-Einsätze und 'Wichtiges der Woche' auf einen Blick (z. B. für die Teamsitzung).
B7: MONATLICH | C7: MONAT | D7: Monat oben auswählen → Monatszusammenfassung mit Kennzahlen, Tabellen und Diagrammen.
B8: JÄHRLICH | C8: JAHRESBERICHT | D8: Alles für den Jahresbericht: Kennzahlen mit Vorjahresvergleich, fertiger Textbaustein, Monats-, Angebots-, Wochentags- und Wochenstatistik, Diagramme.
B10: Beispiel – so sieht eine Zeile in ERFASSUNG aus
B11: Datum | C11: Tag | D11: KW | E11: Angebot | F11: Stunden | G11: w | H11: d | I11: m | J11: gesamt | K11: unter 10 | L11: ab 10 | M11: ab 14 | N11: ab 16 | O11: ab 18 | P11: Alters-Check | Q11: Dienst 1 | R11: Dienst 2 | S11: Dienst 3 | T11: Was war los? | U11: Wichtig / Vorkommnisse
B12: 22.09.2026 | C12: Di | D12: 39 | E12: JUGENDCAFE | F12: 4 | G12: 7 | H12: 1 | I12: 12 | J12: 20 | K12: 0 | L12: 5 | M12: 9 | N12: 4 | O12: 2 | P12: ✓ | Q12: Anna | R12: Max | T12: Billard-Turnier | U12: Fenster WC defekt
B14: Farben
C15: Auswahl / Einstellung (z. B. Kalenderwoche, Monat, Jahr, Listen)
C16: Eingabe
C17: rechnet automatisch – nicht überschreiben (Blätter sind ohne Passwort geschützt: Überprüfen → Blattschutz aufheben)
C18: Alters-Check passt nicht: Summe der Altersgruppen ≠ gesamt
B20: Begriffe
B21: Kontakte | C21: Anzahl Besuche. Wer an 3 Tagen kommt, zählt 3 Kontakte.
B22: Einträge | C22: Wie oft ein Angebot stattgefunden hat (= Anzahl Zeilen).
B23: Öffnungstage | C23: Tage mit mindestens einem Eintrag.
B24: Altersgruppen | C24: unter 10 · ab 10 = 10–13 · ab 14 = 14–15 · ab 16 = 16–17 · ab 18 = 18+
B25: Team-Stunden | C25: Stunden des Angebots, bei dem die Person im Dienst eingetragen ist.

Sheet ERFASSUNG
A1: ="Tägliche Erfassung "&LISTEN!$F$2&" – "&LISTEN!$F$3
A2: Pro durchgeführtem Angebot eine Zeile. Weiß = eingeben, grau = rechnet automatisch. Dropdowns für Angebot und Dienst kommen aus dem Blatt LISTEN.
D4: SUMME (Filter beachtet) | E4: =SUBTOTAL(9,E6:E3005) | F4: =SUBTOTAL(9,F6:F3005) | G4: =SUBTOTAL(9,G6:G3005) | H4: =SUBTOTAL(9,H6:H3005) | I4: =SUBTOTAL(9,I6:I3005) | J4: =SUBTOTAL(9,J6:J3005) | K4: =SUBTOTAL(9,K6:K3005) | L4: =SUBTOTAL(9,L6:L3005) | ... N4: =SUBTOTAL(9,N6:N3005)
A5: Datum | B5: Tag | C5: KW | D5: Angebot | E5: Stunden | F5: w | G5: d | H5: m | I5: gesamt | J5: unter 10 | K5: ab 10 | L5: ab 14 | M5: ab 16 | N5: ab 18 | O5: Alters-Check | P5: Dienst 1 | Q5: Dienst 2 | R5: Dienst 3 | S5: Was war los? | T5: Wichtig / Vorkommnisse | V5: Monat | W5: lfd Wichtig Woche | X5: lfd Wichtig Monat
B6: =IF(A6="","",CHOOSE(WEEKDAY(A6,2),"Mo","Di","Mi","Do","Fr","Sa","So")) | C6: =IF(A6="","",INT((A6-DATE(YEAR(A6-WEEKDAY(A6-1)+4),1,3)+WEEKDAY(DATE(YEAR(A6-WEEKDAY(A6-1)+4),1,3))+5)/7)) | I6: =IF(COUNT(F6:H6)=0,"",SUM(F6:H6)) | O6: =IF(OR(I6="",COUNT(J6:N6)=0),"",IF(SUM(J6:N6)=I6,"✓","⚠ "&SUM(J6:N6)&" statt "&I6)) | V6: =IF(A6="","",MONTH(A6)) | W6: =N(W5)+IF(AND(C6<>"",T6<>""),IF(C6=WOCHE!$B$3,1,0),0) | X6: =N(X5)+IF(AND(V6<>"",T6<>""),IF(V6=MONAT!$AZ$3,1,0),0)
B7: =IF(A7="","",CHOOSE(WEEKDAY(A7,2),"Mo","Di","Mi","Do","Fr","Sa","So")) | C7: =IF(A7="","",INT((A7-DATE(YEAR(A7-WEEKDAY(A7-1)+4),1,3)+WEEKDAY(DATE(YEAR(A7-WEEKDAY(A7-1)+4),1,3))+5)/7)) | I7: =IF(COUNT(F7:H7)=0,"",SUM(F7:H7)) | O7: =IF(OR(I7="",COUNT(J7:N7)=0),"",IF(SUM(J7:N7)=I7,"✓","⚠ "&SUM(J7:N7)&" statt "&I7)) | V7: =IF(A7="","",MONTH(A7)) | W7: =N(W6)+IF(AND(C7<>"",T7<>""),IF(C7=WOCHE!$B$3,1,0),0) | X7: =N(X6)+IF(AND(V7<>"",T7<>""),IF(V7=MONAT!$AZ$3,1,0),0)
B8: =IF(A8="","",CHOOSE(WEEKDAY(A8,2),"Mo","Di","Mi","Do","Fr","Sa","So")) | C8: =IF(A8="","",INT((A8-DATE(YEAR(A8-WEEKDAY(A8-1)+4),1,3)+WEEKDAY(DATE(YEAR(A8-WEEKDAY(A8-1)+4),1,3))+5)/7)) | I8: =IF(COUNT(F8:H8)=0,"",SUM(F8:H8)) | O8: =IF(OR(I8="",COUNT(J8:N8)=0),"",IF(SUM(J8:N8)=I8,"✓","⚠ "&SUM(J8:N8)&" statt "&I8)) | V8: =IF(A8="","",MONTH(A8)) | W8: =N(W7)+IF(AND(C8<>"",T8<>""),IF(C8=WOCHE!$B$3,1,0),0) | X8: =N(X7)+IF(AND(V8<>"",T8<>""),IF(V8=MONAT!$AZ$3,1,0),0)
B9: =IF(A9="","",CHOOSE(WEEKDAY(A9,2),"Mo","Di","Mi","Do","Fr","Sa","So")) | C9: =IF(A9="","",INT((A9-DATE(YEAR(A9-WEEKDAY(A9-1)+4),1,3)+WEEKDAY(DATE(YEAR(A9-WEEKDAY(A9-1)+4),1,3))+5)/7)) | I9: =IF(COUNT(F9:H9)=0,"",SUM(F9:H9)) | O9: =IF(OR(I9="",COUNT(J9:N9)=0),"",IF(SUM(J9:N9)=I9,"✓","⚠ "&SUM(J9:N9)&" statt "&I9)) | V9: =IF(A9="","",MONTH(A9)) | W9: =N(W8)+IF(AND(C9<>"",T9<>""),IF(C9=WOCHE!$B$3,1,0),0) | X9: =N(X8)+IF(AND(V9<>"",T9<>""),IF(V9=MONAT!$AZ$3,1,0),0)
B10: =IF(A10="","",CHOOSE(WEEKDAY(A10,2),"Mo","Di","Mi","Do","Fr","Sa","So")) | C10: =IF(A10="","",INT((A10-DATE(YEAR(A10-WEEKDAY(A10-1)+4),1,3)+WEEKDAY(DATE(YEAR(A10-WEEKDAY(A10-1)+4),1,3))+5)/7)) | I10: =IF(COUNT(F10:H10)=0,"",SUM(F10:H10)) | O10: =IF(OR(I10="",COUNT(J10:N10)=0),"",IF(SUM(J10:N10)=I10,"✓","⚠ "&SUM(J10:N10)&" statt "&I10)) | V10: =IF(A10="","",MONTH(A10)) | W10: =N(W9)+IF(AND(C10<>"",T10<>""),IF(C10=WOCHE!$B$3,1,0),0) | X10: =N(X9)+IF(AND(V10<>"",T10<>""),IF(V10=MONAT!$AZ$3,1,0),0)
B11: =IF(A11="","",CHOOSE(WEEKDAY(A11,2),"Mo","Di","Mi","Do","Fr","Sa","So")) | C11: =IF(A11="","",INT((A11-DATE(YEAR(A11-WEEKDAY(A11-1)+4),1,3)+WEEKDAY(DATE(YEAR(A11-WEEKDAY(A11-1)+4),1,3))+5)/7)) | I11: =IF(COUNT(F11:H11)=0,"",SUM(F11:H11)) | O11: =IF(OR(I11="",COUNT(J11:N11)=0),"",IF(SUM(J11:N11)=I11,"✓","⚠ "&SUM(J11:N11)&" statt "&I11)) | V11: =IF(A11="","",MONTH(A11)) | W11: =N(W10)+IF(AND(C11<>"",T11<>""),IF(C11=WOCHE!$B$3,1,0),0) | X11: =N(X10)+IF(AND(V11<>"",T11<>""),IF(V11=MONAT!$AZ$3,1,0),0)
B12: =IF(A12="","",CHOOSE(WEEKDAY(A12,2),"Mo","Di","Mi","Do","Fr","Sa","So")) | C12: =IF(A12="","",INT((A12-DATE(YEAR(A12-WEEKDAY(A12-1)+4),1,3)+WEEKDAY(DATE(YEAR(A12-WEEKDAY(A12-1)+4),1,3))+5)/7)) | I12: =IF(COUNT(F12:H12)=0,"",SUM(F12:H12)) | O12: =IF(OR(I12="",COUNT(J12:N12)=0),"",IF(SUM(J12:N12)=I12,"✓","⚠ "&SUM(J12:N12)&" statt "&I12)) | V12: =IF(A12="","",MONTH(A12)) | W12: =N(W11)+IF(AND(C12<>"",T12<>""),IF(C12=WOCHE!$B$3,1,0),0) | X12: =N(X11)+IF(AND(V12<>"",T12<>""),IF(V12=MONAT!$AZ$3,1,0),0)
B13: =IF(A13="","",CHOOSE(WEEKDAY(A13,2),"Mo","Di","Mi","Do","Fr","Sa","So")) | C13: =IF(A13="","",INT((A13-DATE(YEAR(A13-WEEKDAY(A13-1)+4),1,3)+WEEKDAY(DATE(YEAR(A13-WEEKDAY(A13-1)+4),1,3))+5)/7)) | I13: =IF(COUNT(F13:H13)=0,"",SUM(F13:H13)) | O13: =IF(OR(I13="",COUNT(J13:N13)=0),"",IF(SUM(J13:N13)=I13,"✓","⚠ "&SUM(J13:N13)&" statt "&I13)) | V13: =IF(A13="","",MONTH(A13)) | W13: =N(W12)+IF(AND(C13<>"",T13<>""),IF(C13=WOCHE!$B$3,1,0),0) | X13: =N(X12)+IF(AND(V13<>"",T13<>""),IF(V13=MONAT!$AZ$3,1,0),0)
B14: =IF(A14="","",CHOOSE(WEEKDAY(A14,2),"Mo","Di","Mi","Do","Fr","Sa","So")) | C14: =IF(A14="","",INT((A14-DATE(YEAR(A14-WEEKDAY(A14-1)+4),1,3)+WEEKDAY(DATE(YEAR(A14-WEEKDAY(A14-1)+4),1,3))+5)/7)) | I14: =IF(COUNT(F14:H14)=0,"",SUM(F14:H14)) | O14: =IF(OR(I14="",COUNT(J14:N14)=0),"",IF(SUM(J14:N14)=I14,"✓","⚠ "&SUM(J14:N14)&" statt "&I14)) | V14: =IF(A14="","",MONTH(A14)) | W14: =N(W13)+IF(AND(C14<>"",T14<>""),IF(C14=WOCHE!$B$3,1,0),0) | X14: =N(X13)+IF(AND(V14<>"",T14<>""),IF(V14=MONAT!$AZ$3,1,0),0)
B15: =IF(A15="","",CHOOSE(WEEKDAY(A15,2),"Mo","Di","Mi","Do","Fr","Sa","So")) | C15: =IF(A15="","",INT((A15-DATE(YEAR(A15-WEEKDAY(A15-1)+4),1,3)+WEEKDAY(DATE(YEAR(A15-WEEKDAY(A15-1)+4),1,3))+5)/7)) | I15: =IF(COUNT(F15:H15)=0,"",SUM(F15:H15)) | O15: =IF(OR(I15="",COUNT(J15:N15)=0),"",IF(SUM(J15:N15)=I15,"✓","⚠ "&SUM(J15:N15)&" statt "&I15)) | V15: =IF(A15="","",MONTH(A15)) | W15: =N(W14)+IF(AND(C15<>"",T15<>""),IF(C15=WOCHE!$B$3,1,0),0) | X15: =N(X14)+IF(AND(V15<>"",T15<>""),IF(V15=MONAT!$AZ$3,1,0),0)
B16: =IF(A16="","",CHOOSE(WEEKDAY(A16,2),"Mo","Di","Mi","Do","Fr","Sa","So")) | C16: =IF(A16="","",INT((A16-DATE(YEAR(A16-WEEKDAY(A16-1)+4),1,3)+WEEKDAY(DATE(YEAR(A16-WEEKDAY(A16-1)+4),1,3))+5)/7)) | I16: =IF(COUNT(F16:H16)=0,"",SUM(F16:H16)) | O16: =IF(OR(I16="",COUNT(J16:N16)=0),"",IF(SUM(J16:N16)=I16,"✓","⚠ "&SUM(J16:N16)&" statt "&I16)) | V16: =IF(A16="","",MONTH(A16)) | W16: =N(W15)+IF(AND(C16<>"",T16<>""),IF(C16=WOCHE!$B$3,1,0),0) | X16: =N(X15)+IF(AND(V16<>"",T16<>""),IF(V16=MONAT!$AZ$3,1,0),0)
B17: =IF(A17="","",CHOOSE(WEEKDAY(A17,2),"Mo","Di","Mi","Do","Fr","Sa","So")) | C17: =IF(A17="","",INT((A17-DATE(YEAR(A17-WEEKDAY(A17-1)+4),1,3)+WEEKDAY(DATE(YEAR(A17-WEEKDAY(A17-1)+4),1,3))+5)/7)) | I17: =IF(COUNT(F17:H17)=0,"",SUM(F17:H17)) | O17: =IF(OR(I17="",COUNT(J17:N17)=0),"",IF(SUM(J17:N17)=I17,"✓","⚠ "&SUM(J17:N17)&" statt "&I17)) | V17: =IF(A17="","",MONTH(A17)) | W17: =N(W16)+IF(AND(C17<>"",T17<>""),IF(C17=WOCHE!$B$3,1,0),0) | X17: =N(X16)+IF(AND(V17<>"",T17<>""),IF(V17=MONAT!$AZ$3,1,0),0)
... B3005: =IF(A3005="","",CHOOSE(WEEKDAY(A3005,2),"Mo","Di","Mi","Do","Fr","Sa","So")) | C3005: =IF(A3005="","",INT((A3005-DATE(YEAR(A3005-WEEKDAY(A3005-1)+4),1,3)+WEEKDAY(DATE(YEAR(A3005-WEEKDAY(A3005-1)+4),1,3))+5)/7)) | I3005: =IF(COUNT(F3005:H3005)=0,"",SUM(F3005:H3005)) | O3005: =IF(OR(I3005="",COUNT(J3005:N3005)=0),"",IF(SUM(J3005:N3005)=I3005,"✓","⚠ "&SUM(J3005:N3005)&" statt "&I3005)) | V3005: =IF(A3005="","",MONTH(A3005)) | W3005: =N(W3004)+IF(AND(C3005<>"",T3005<>""),IF(C3005=WOCHE!$B$3,1,0),0) | X3005: =N(X3004)+IF(AND(V3005<>"",T3005<>""),IF(V3005=MONAT!$AZ$3,1,0),0)

Sheet WOCHE
A1: ="Wochenübersicht "&LISTEN!$F$3
A2: Kalenderwoche in der gelben Zelle eintragen – alles andere rechnet automatisch.
A3: Kalenderwoche: | B3: 39 | C3: von | D3: =DATE(LISTEN!$F$2,1,4)-WEEKDAY(DATE(LISTEN!$F$2,1,4),2)+1+($B$3-1)*7 | F3: bis | G3: =D3+6
A5: Öffnungstage | C5: Einträge (Angebote) | E5: Kontakte gesamt | G5: Ø Kontakte pro Öffnungstag | I5: Stunden | K5: weiblich | M5: divers | O5: männlich
A6: =COUNTIF($C$10:$C$16,">0") | C6: =$C$17 | E6: =($E$17+$F$17+$G$17) | G6: =IF(N(COUNTIF($C$10:$C$16,">0"))=0,0,($E$17+$F$17+$G$17)/COUNTIF($C$10:$C$16,">0")) | I6: =$D$17 | K6: =IF(($E$17+$F$17+$G$17)=0,0,$E$17/($E$17+$F$17+$G$17)) | M6: =IF(($E$17+$F$17+$G$17)=0,0,$F$17/($E$17+$F$17+$G$17)) | O6: =IF(($E$17+$F$17+$G$17)=0,0,$G$17/($E$17+$F$17+$G$17))
A8: Tage der Woche
A9: Tag | B9: Datum | C9: Einträge | D9: Stunden | E9: w | F9: d | G9: m | H9: gesamt | I9: unter 10 | J9: ab 10 | K9: ab 14 | L9: ab 16 | M9: ab 18
A10: =CHOOSE(1,"Mo","Di","Mi","Do","Fr","Sa","So")&" "&DAY(B10)&"."&MONTH(B10)&"." | B10: =$D$3+0 | C10: =SUMIFS(KALENDER!$F$5:$F$370,KALENDER!$A$5:$A$370,B10) | D10: =SUMIFS(KALENDER!$H$5:$H$370,KALENDER!$A$5:$A$370,B10) | E10: =SUMIFS(KALENDER!$I$5:$I$370,KALENDER!$A$5:$A$370,B10) | F10: =SUMIFS(KALENDER!$J$5:$J$370,KALENDER!$A$5:$A$370,B10) | G10: =SUMIFS(KALENDER!$K$5:$K$370,KALENDER!$A$5:$A$370,B10) | H10: =SUMIFS(KALENDER!$L$5:$L$370,KALENDER!$A$5:$A$370,B10) | I10: =SUMIFS(KALENDER!$M$5:$M$370,KALENDER!$A$5:$A$370,B10) | J10: =SUMIFS(KALENDER!$N$5:$N$370,KALENDER!$A$5:$A$370,B10) | K10: =SUMIFS(KALENDER!$O$5:$O$370,KALENDER!$A$5:$A$370,B10) | L10: =SUMIFS(KALENDER!$P$5:$P$370,KALENDER!$A$5:$A$370,B10) | M10: =SUMIFS(KALENDER!$Q$5:$Q$370,KALENDER!$A$5:$A$370,B10)
A11: =CHOOSE(2,"Mo","Di","Mi","Do","Fr","Sa","So")&" "&DAY(B11)&"."&MONTH(B11)&"." | B11: =$D$3+1 | C11: =SUMIFS(KALENDER!$F$5:$F$370,KALENDER!$A$5:$A$370,B11) | D11: =SUMIFS(KALENDER!$H$5:$H$370,KALENDER!$A$5:$A$370,B11) | E11: =SUMIFS(KALENDER!$I$5:$I$370,KALENDER!$A$5:$A$370,B11) | F11: =SUMIFS(KALENDER!$J$5:$J$370,KALENDER!$A$5:$A$370,B11) | G11: =SUMIFS(KALENDER!$K$5:$K$370,KALENDER!$A$5:$A$370,B11) | H11: =SUMIFS(KALENDER!$L$5:$L$370,KALENDER!$A$5:$A$370,B11) | I11: =SUMIFS(KALENDER!$M$5:$M$370,KALENDER!$A$5:$A$370,B11) | J11: =SUMIFS(KALENDER!$N$5:$N$370,KALENDER!$A$5:$A$370,B11) | K11: =SUMIFS(KALENDER!$O$5:$O$370,KALENDER!$A$5:$A$370,B11) | L11: =SUMIFS(KALENDER!$P$5:$P$370,KALENDER!$A$5:$A$370,B11) | M11: =SUMIFS(KALENDER!$Q$5:$Q$370,KALENDER!$A$5:$A$370,B11)
A12: =CHOOSE(3,"Mo","Di","Mi","Do","Fr","Sa","So")&" "&DAY(B12)&"."&MONTH(B12)&"." | B12: =$D$3+2 | C12: =SUMIFS(KALENDER!$F$5:$F$370,KALENDER!$A$5:$A$370,B12) | D12: =SUMIFS(KALENDER!$H$5:$H$370,KALENDER!$A$5:$A$370,B12) | E12: =SUMIFS(KALENDER!$I$5:$I$370,KALENDER!$A$5:$A$370,B12) | F12: =SUMIFS(KALENDER!$J$5:$J$370,KALENDER!$A$5:$A$370,B12) | G12: =SUMIFS(KALENDER!$K$5:$K$370,KALENDER!$A$5:$A$370,B12) | H12: =SUMIFS(KALENDER!$L$5:$L$370,KALENDER!$A$5:$A$370,B12) | I12: =SUMIFS(KALENDER!$M$5:$M$370,KALENDER!$A$5:$A$370,B12) | J12: =SUMIFS(KALENDER!$N$5:$N$370,KALENDER!$A$5:$A$370,B12) | K12: =SUMIFS(KALENDER!$O$5:$O$370,KALENDER!$A$5:$A$370,B12) | L12: =SUMIFS(KALENDER!$P$5:$P$370,KALENDER!$A$5:$A$370,B12) | M12: =SUMIFS(KALENDER!$Q$5:$Q$370,KALENDER!$A$5:$A$370,B12)
A13: =CHOOSE(4,"Mo","Di","Mi","Do","Fr","Sa","So")&" "&DAY(B13)&"."&MONTH(B13)&"." | B13: =$D$3+3 | C13: =SUMIFS(KALENDER!$F$5:$F$370,KALENDER!$A$5:$A$370,B13) | D13: =SUMIFS(KALENDER!$H$5:$H$370,KALENDER!$A$5:$A$370,B13) | E13: =SUMIFS(KALENDER!$I$5:$I$370,KALENDER!$A$5:$A$370,B13) | F13: =SUMIFS(KALENDER!$J$5:$J$370,KALENDER!$A$5:$A$370,B13) | G13: =SUMIFS(KALENDER!$K$5:$K$370,KALENDER!$A$5:$A$370,B13) | H13: =SUMIFS(KALENDER!$L$5:$L$370,KALENDER!$A$5:$A$370,B13) | I13: =SUMIFS(KALENDER!$M$5:$M$370,KALENDER!$A$5:$A$370,B13) | J13: =SUMIFS(KALENDER!$N$5:$N$370,KALENDER!$A$5:$A$370,B13) | K13: =SUMIFS(KALENDER!$O$5:$O$370,KALENDER!$A$5:$A$370,B13) | L13: =SUMIFS(KALENDER!$P$5:$P$370,KALENDER!$A$5:$A$370,B13) | M13: =SUMIFS(KALENDER!$Q$5:$Q$370,KALENDER!$A$5:$A$370,B13)
A14: =CHOOSE(5,"Mo","Di","Mi","Do","Fr","Sa","So")&" "&DAY(B14)&"."&MONTH(B14)&"." | B14: =$D$3+4 | C14: =SUMIFS(KALENDER!$F$5:$F$370,KALENDER!$A$5:$A$370,B14) | D14: =SUMIFS(KALENDER!$H$5:$H$370,KALENDER!$A$5:$A$370,B14) | E14: =SUMIFS(KALENDER!$I$5:$I$370,KALENDER!$A$5:$A$370,B14) | F14: =SUMIFS(KALENDER!$J$5:$J$370,KALENDER!$A$5:$A$370,B14) | G14: =SUMIFS(KALENDER!$K$5:$K$370,KALENDER!$A$5:$A$370,B14) | H14: =SUMIFS(KALENDER!$L$5:$L$370,KALENDER!$A$5:$A$370,B14) | I14: =SUMIFS(KALENDER!$M$5:$M$370,KALENDER!$A$5:$A$370,B14) | J14: =SUMIFS(KALENDER!$N$5:$N$370,KALENDER!$A$5:$A$370,B14) | K14: =SUMIFS(KALENDER!$O$5:$O$370,KALENDER!$A$5:$A$370,B14) | L14: =SUMIFS(KALENDER!$P$5:$P$370,KALENDER!$A$5:$A$370,B14) | M14: =SUMIFS(KALENDER!$Q$5:$Q$370,KALENDER!$A$5:$A$370,B14)
A15: =CHOOSE(6,"Mo","Di","Mi","Do","Fr","Sa","So")&" "&DAY(B15)&"."&MONTH(B15)&"." | B15: =$D$3+5 | C15: =SUMIFS(KALENDER!$F$5:$F$370,KALENDER!$A$5:$A$370,B15) | D15: =SUMIFS(KALENDER!$H$5:$H$370,KALENDER!$A$5:$A$370,B15) | E15: =SUMIFS(KALENDER!$I$5:$I$370,KALENDER!$A$5:$A$370,B15) | F15: =SUMIFS(KALENDER!$J$5:$J$370,KALENDER!$A$5:$A$370,B15) | G15: =SUMIFS(KALENDER!$K$5:$K$370,KALENDER!$A$5:$A$370,B15) | H15: =SUMIFS(KALENDER!$L$5:$L$370,KALENDER!$A$5:$A$370,B15) | I15: =SUMIFS(KALENDER!$M$5:$M$370,KALENDER!$A$5:$A$370,B15) | J15: =SUMIFS(KALENDER!$N$5:$N$370,KALENDER!$A$5:$A$370,B15) | K15: =SUMIFS(KALENDER!$O$5:$O$370,KALENDER!$A$5:$A$370,B15) | L15: =SUMIFS(KALENDER!$P$5:$P$370,KALENDER!$A$5:$A$370,B15) | M15: =SUMIFS(KALENDER!$Q$5:$Q$370,KALENDER!$A$5:$A$370,B15)
A16: =CHOOSE(7,"Mo","Di","Mi","Do","Fr","Sa","So")&" "&DAY(B16)&"."&MONTH(B16)&"." | B16: =$D$3+6 | C16: =SUMIFS(KALENDER!$F$5:$F$370,KALENDER!$A$5:$A$370,B16) | D16: =SUMIFS(KALENDER!$H$5:$H$370,KALENDER!$A$5:$A$370,B16) | E16: =SUMIFS(KALENDER!$I$5:$I$370,KALENDER!$A$5:$A$370,B16) | F16: =SUMIFS(KALENDER!$J$5:$J$370,KALENDER!$A$5:$A$370,B16) | G16: =SUMIFS(KALENDER!$K$5:$K$370,KALENDER!$A$5:$A$370,B16) | H16: =SUMIFS(KALENDER!$L$5:$L$370,KALENDER!$A$5:$A$370,B16) | I16: =SUMIFS(KALENDER!$M$5:$M$370,KALENDER!$A$5:$A$370,B16) | J16: =SUMIFS(KALENDER!$N$5:$N$370,KALENDER!$A$5:$A$370,B16) | K16: =SUMIFS(KALENDER!$O$5:$O$370,KALENDER!$A$5:$A$370,B16) | L16: =SUMIFS(KALENDER!$P$5:$P$370,KALENDER!$A$5:$A$370,B16) | M16: =SUMIFS(KALENDER!$Q$5:$Q$370,KALENDER!$A$5:$A$370,B16)
A17: SUMME | C17: =SUM(C10:C16) | D17: =SUM(D10:D16) | E17: =SUM(E10:E16) | F17: =SUM(F10:F16) | G17: =SUM(G10:G16) | H17: =SUM(H10:H16) | I17: =SUM(I10:I16) | J17: =SUM(J10:J16) | ... M17: =SUM(M10:M16)
A19: Angebote dieser Woche
A20: Angebot | B20: Einträge | C20: Stunden | D20: w | E20: d | F20: m | G20: gesamt | H20: unter 10 | I20: ab 10 | J20: ab 14 | K20: ab 16 | L20: ab 18 | M20: Anteil
A21: =IF(LISTEN!$A$2="","",LISTEN!$A$2) | B21: =IF($A21="","",COUNTIFS(ERFASSUNG!$D$6:$D$3005,$A21,ERFASSUNG!$C$6:$C$3005,$B$3)) | C21: =IF($A21="","",SUMIFS(ERFASSUNG!$E$6:$E$3005,ERFASSUNG!$D$6:$D$3005,$A21,ERFASSUNG!$C$6:$C$3005,$B$3)) | D21: =IF($A21="","",SUMIFS(ERFASSUNG!$F$6:$F$3005,ERFASSUNG!$D$6:$D$3005,$A21,ERFASSUNG!$C$6:$C$3005,$B$3)) | E21: =IF($A21="","",SUMIFS(ERFASSUNG!$G$6:$G$3005,ERFASSUNG!$D$6:$D$3005,$A21,ERFASSUNG!$C$6:$C$3005,$B$3)) | F21: =IF($A21="","",SUMIFS(ERFASSUNG!$H$6:$H$3005,ERFASSUNG!$D$6:$D$3005,$A21,ERFASSUNG!$C$6:$C$3005,$B$3)) | G21: =IF($A21="","",SUMIFS(ERFASSUNG!$I$6:$I$3005,ERFASSUNG!$D$6:$D$3005,$A21,ERFASSUNG!$C$6:$C$3005,$B$3)) | H21: =IF($A21="","",SUMIFS(ERFASSUNG!$J$6:$J$3005,ERFASSUNG!$D$6:$D$3005,$A21,ERFASSUNG!$C$6:$C$3005,$B$3)) | I21: =IF($A21="","",SUMIFS(ERFASSUNG!$K$6:$K$3005,ERFASSUNG!$D$6:$D$3005,$A21,ERFASSUNG!$C$6:$C$3005,$B$3)) | J21: =IF($A21="","",SUMIFS(ERFASSUNG!$L$6:$L$3005,ERFASSUNG!$D$6:$D$3005,$A21,ERFASSUNG!$C$6:$C$3005,$B$3)) | K21: =IF($A21="","",SUMIFS(ERFASSUNG!$M$6:$M$3005,ERFASSUNG!$D$6:$D$3005,$A21,ERFASSUNG!$C$6:$C$3005,$B$3)) | L21: =IF($A21="","",SUMIFS(ERFASSUNG!$N$6:$N$3005,ERFASSUNG!$D$6:$D$3005,$A21,ERFASSUNG!$C$6:$C$3005,$B$3)) | M21: =IF(OR($A21="",N($G$51)=0),"",G21/$G$51)
A22: =IF(LISTEN!$A$3="","",LISTEN!$A$3) | B22: =IF($A22="","",COUNTIFS(ERFASSUNG!$D$6:$D$3005,$A22,ERFASSUNG!$C$6:$C$3005,$B$3)) | C22: =IF($A22="","",SUMIFS(ERFASSUNG!$E$6:$E$3005,ERFASSUNG!$D$6:$D$3005,$A22,ERFASSUNG!$C$6:$C$3005,$B$3)) | D22: =IF($A22="","",SUMIFS(ERFASSUNG!$F$6:$F$3005,ERFASSUNG!$D$6:$D$3005,$A22,ERFASSUNG!$C$6:$C$3005,$B$3)) | E22: =IF($A22="","",SUMIFS(ERFASSUNG!$G$6:$G$3005,ERFASSUNG!$D$6:$D$3005,$A22,ERFASSUNG!$C$6:$C$3005,$B$3)) | F22: =IF($A22="","",SUMIFS(ERFASSUNG!$H$6:$H$3005,ERFASSUNG!$D$6:$D$3005,$A22,ERFASSUNG!$C$6:$C$3005,$B$3)) | G22: =IF($A22="","",SUMIFS(ERFASSUNG!$I$6:$I$3005,ERFASSUNG!$D$6:$D$3005,$A22,ERFASSUNG!$C$6:$C$3005,$B$3)) | H22: =IF($A22="","",SUMIFS(ERFASSUNG!$J$6:$J$3005,ERFASSUNG!$D$6:$D$3005,$A22,ERFASSUNG!$C$6:$C$3005,$B$3)) | I22: =IF($A22="","",SUMIFS(ERFASSUNG!$K$6:$K$3005,ERFASSUNG!$D$6:$D$3005,$A22,ERFASSUNG!$C$6:$C$3005,$B$3)) | J22: =IF($A22="","",SUMIFS(ERFASSUNG!$L$6:$L$3005,ERFASSUNG!$D$6:$D$3005,$A22,ERFASSUNG!$C$6:$C$3005,$B$3)) | K22: =IF($A22="","",SUMIFS(ERFASSUNG!$M$6:$M$3005,ERFASSUNG!$D$6:$D$3005,$A22,ERFASSUNG!$C$6:$C$3005,$B$3)) | L22: =IF($A22="","",SUMIFS(ERFASSUNG!$N$6:$N$3005,ERFASSUNG!$D$6:$D$3005,$A22,ERFASSUNG!$C$6:$C$3005,$B$3)) | M22: =IF(OR($A22="",N($G$51)=0),"",G22/$G$51)
A23: =IF(LISTEN!$A$4="","",LISTEN!$A$4) | B23: =IF($A23="","",COUNTIFS(ERFASSUNG!$D$6:$D$3005,$A23,ERFASSUNG!$C$6:$C$3005,$B$3)) | C23: =IF($A23="","",SUMIFS(ERFASSUNG!$E$6:$E$3005,ERFASSUNG!$D$6:$D$3005,$A23,ERFASSUNG!$C$6:$C$3005,$B$3)) | D23: =IF($A23="","",SUMIFS(ERFASSUNG!$F$6:$F$3005,ERFASSUNG!$D$6:$D$3005,$A23,ERFASSUNG!$C$6:$C$3005,$B$3)) | E23: =IF($A23="","",SUMIFS(ERFASSUNG!$G$6:$G$3005,ERFASSUNG!$D$6:$D$3005,$A23,ERFASSUNG!$C$6:$C$3005,$B$3)) | F23: =IF($A23="","",SUMIFS(ERFASSUNG!$H$6:$H$3005,ERFASSUNG!$D$6:$D$3005,$A23,ERFASSUNG!$C$6:$C$3005,$B$3)) | G23: =IF($A23="","",SUMIFS(ERFASSUNG!$I$6:$I$3005,ERFASSUNG!$D$6:$D$3005,$A23,ERFASSUNG!$C$6:$C$3005,$B$3)) | H23: =IF($A23="","",SUMIFS(ERFASSUNG!$J$6:$J$3005,ERFASSUNG!$D$6:$D$3005,$A23,ERFASSUNG!$C$6:$C$3005,$B$3)) | I23: =IF($A23="","",SUMIFS(ERFASSUNG!$K$6:$K$3005,ERFASSUNG!$D$6:$D$3005,$A23,ERFASSUNG!$C$6:$C$3005,$B$3)) | J23: =IF($A23="","",SUMIFS(ERFASSUNG!$L$6:$L$3005,ERFASSUNG!$D$6:$D$3005,$A23,ERFASSUNG!$C$6:$C$3005,$B$3)) | K23: =IF($A23="","",SUMIFS(ERFASSUNG!$M$6:$M$3005,ERFASSUNG!$D$6:$D$3005,$A23,ERFASSUNG!$C$6:$C$3005,$B$3)) | L23: =IF($A23="","",SUMIFS(ERFASSUNG!$N$6:$N$3005,ERFASSUNG!$D$6:$D$3005,$A23,ERFASSUNG!$C$6:$C$3005,$B$3)) | M23: =IF(OR($A23="",N($G$51)=0),"",G23/$G$51)
A24: =IF(LISTEN!$A$5="","",LISTEN!$A$5) | B24: =IF($A24="","",COUNTIFS(ERFASSUNG!$D$6:$D$3005,$A24,ERFASSUNG!$C$6:$C$3005,$B$3)) | C24: =IF($A24="","",SUMIFS(ERFASSUNG!$E$6:$E$3005,ERFASSUNG!$D$6:$D$3005,$A24,ERFASSUNG!$C$6:$C$3005,$B$3)) | D24: =IF($A24="","",SUMIFS(ERFASSUNG!$F$6:$F$3005,ERFASSUNG!$D$6:$D$3005,$A24,ERFASSUNG!$C$6:$C$3005,$B$3)) | E24: =IF($A24="","",SUMIFS(ERFASSUNG!$G$6:$G$3005,ERFASSUNG!$D$6:$D$3005,$A24,ERFASSUNG!$C$6:$C$3005,$B$3)) | F24: =IF($A24="","",SUMIFS(ERFASSUNG!$H$6:$H$3005,ERFASSUNG!$D$6:$D$3005,$A24,ERFASSUNG!$C$6:$C$3005,$B$3)) | G24: =IF($A24="","",SUMIFS(ERFASSUNG!$I$6:$I$3005,ERFASSUNG!$D$6:$D$3005,$A24,ERFASSUNG!$C$6:$C$3005,$B$3)) | H24: =IF($A24="","",SUMIFS(ERFASSUNG!$J$6:$J$3005,ERFASSUNG!$D$6:$D$3005,$A24,ERFASSUNG!$C$6:$C$3005,$B$3)) | I24: =IF($A24="","",SUMIFS(ERFASSUNG!$K$6:$K$3005,ERFASSUNG!$D$6:$D$3005,$A24,ERFASSUNG!$C$6:$C$3005,$B$3)) | J24: =IF($A24="","",SUMIFS(ERFASSUNG!$L$6:$L$3005,ERFASSUNG!$D$6:$D$3005,$A24,ERFASSUNG!$C$6:$C$3005,$B$3)) | K24: =IF($A24="","",SUMIFS(ERFASSUNG!$M$6:$M$3005,ERFASSUNG!$D$6:$D$3005,$A24,ERFASSUNG!$C$6:$C$3005,$B$3)) | L24: =IF($A24="","",SUMIFS(ERFASSUNG!$N$6:$N$3005,ERFASSUNG!$D$6:$D$3005,$A24,ERFASSUNG!$C$6:$C$3005,$B$3)) | M24: =IF(OR($A24="",N($G$51)=0),"",G24/$G$51)
A25: =IF(LISTEN!$A$6="","",LISTEN!$A$6) | B25: =IF($A25="","",COUNTIFS(ERFASSUNG!$D$6:$D$3005,$A25,ERFASSUNG!$C$6:$C$3005,$B$3)) | C25: =IF($A25="","",SUMIFS(ERFASSUNG!$E$6:$E$3005,ERFASSUNG!$D$6:$D$3005,$A25,ERFASSUNG!$C$6:$C$3005,$B$3)) | D25: =IF($A25="","",SUMIFS(ERFASSUNG!$F$6:$F$3005,ERFASSUNG!$D$6:$D$3005,$A25,ERFASSUNG!$C$6:$C$3005,$B$3)) | E25: =IF($A25="","",SUMIFS(ERFASSUNG!$G$6:$G$3005,ERFASSUNG!$D$6:$D$3005,$A25,ERFASSUNG!$C$6:$C$3005,$B$3)) | F25: =IF($A25="","",SUMIFS(ERFASSUNG!$H$6:$H$3005,ERFASSUNG!$D$6:$D$3005,$A25,ERFASSUNG!$C$6:$C$3005,$B$3)) | G25: =IF($A25="","",SUMIFS(ERFASSUNG!$I$6:$I$3005,ERFASSUNG!$D$6:$D$3005,$A25,ERFASSUNG!$C$6:$C$3005,$B$3)) | H25: =IF($A25="","",SUMIFS(ERFASSUNG!$J$6:$J$3005,ERFASSUNG!$D$6:$D$3005,$A25,ERFASSUNG!$C$6:$C$3005,$B$3)) | I25: =IF($A25="","",SUMIFS(ERFASSUNG!$K$6:$K$3005,ERFASSUNG!$D$6:$D$3005,$A25,ERFASSUNG!$C$6:$C$3005,$B$3)) | J25: =IF($A25="","",SUMIFS(ERFASSUNG!$L$6:$L$3005,ERFASSUNG!$D$6:$D$3005,$A25,ERFASSUNG!$C$6:$C$3005,$B$3)) | K25: =IF($A25="","",SUMIFS(ERFASSUNG!$M$6:$M$3005,ERFASSUNG!$D$6:$D$3005,$A25,ERFASSUNG!$C$6:$C$3005,$B$3)) | L25: =IF($A25="","",SUMIFS(ERFASSUNG!$N$6:$N$3005,ERFASSUNG!$D$6:$D$3005,$A25,ERFASSUNG!$C$6:$C$3005,$B$3)) | M25: =IF(OR($A25="",N($G$51)=0),"",G25/$G$51)
A26: =IF(LISTEN!$A$7="","",LISTEN!$A$7) | B26: =IF($A26="","",COUNTIFS(ERFASSUNG!$D$6:$D$3005,$A26,ERFASSUNG!$C$6:$C$3005,$B$3)) | C26: =IF($A26="","",SUMIFS(ERFASSUNG!$E$6:$E$3005,ERFASSUNG!$D$6:$D$3005,$A26,ERFASSUNG!$C$6:$C$3005,$B$3)) | D26: =IF($A26="","",SUMIFS(ERFASSUNG!$F$6:$F$3005,ERFASSUNG!$D$6:$D$3005,$A26,ERFASSUNG!$C$6:$C$3005,$B$3)) | E26: =IF($A26="","",SUMIFS(ERFASSUNG!$G$6:$G$3005,ERFASSUNG!$D$6:$D$3005,$A26,ERFASSUNG!$C$6:$C$3005,$B$3)) | F26: =IF($A26="","",SUMIFS(ERFASSUNG!$H$6:$H$3005,ERFASSUNG!$D$6:$D$3005,$A26,ERFASSUNG!$C$6:$C$3005,$B$3)) | G26: =IF($A26="","",SUMIFS(ERFASSUNG!$I$6:$I$3005,ERFASSUNG!$D$6:$D$3005,$A26,ERFASSUNG!$C$6:$C$3005,$B$3)) | H26: =IF($A26="","",SUMIFS(ERFASSUNG!$J$6:$J$3005,ERFASSUNG!$D$6:$D$3005,$A26,ERFASSUNG!$C$6:$C$3005,$B$3)) | I26: =IF($A26="","",SUMIFS(ERFASSUNG!$K$6:$K$3005,ERFASSUNG!$D$6:$D$3005,$A26,ERFASSUNG!$C$6:$C$3005,$B$3)) | J26: =IF($A26="","",SUMIFS(ERFASSUNG!$L$6:$L$3005,ERFASSUNG!$D$6:$D$3005,$A26,ERFASSUNG!$C$6:$C$3005,$B$3)) | K26: =IF($A26="","",SUMIFS(ERFASSUNG!$M$6:$M$3005,ERFASSUNG!$D$6:$D$3005,$A26,ERFASSUNG!$C$6:$C$3005,$B$3)) | L26: =IF($A26="","",SUMIFS(ERFASSUNG!$N$6:$N$3005,ERFASSUNG!$D$6:$D$3005,$A26,ERFASSUNG!$C$6:$C$3005,$B$3)) | M26: =IF(OR($A26="",N($G$51)=0),"",G26/$G$51)
A27: =IF(LISTEN!$A$8="","",LISTEN!$A$8) | B27: =IF($A27="","",COUNTIFS(ERFASSUNG!$D$6:$D$3005,$A27,ERFASSUNG!$C$6:$C$3005,$B$3)) | C27: =IF($A27="","",SUMIFS(ERFASSUNG!$E$6:$E$3005,ERFASSUNG!$D$6:$D$3005,$A27,ERFASSUNG!$C$6:$C$3005,$B$3)) | D27: =IF($A27="","",SUMIFS(ERFASSUNG!$F$6:$F$3005,ERFASSUNG!$D$6:$D$3005,$A27,ERFASSUNG!$C$6:$C$3005,$B$3)) | E27: =IF($A27="","",SUMIFS(ERFASSUNG!$G$6:$G$3005,ERFASSUNG!$D$6:$D$3005,$A27,ERFASSUNG!$C$6:$C$3005,$B$3)) | F27: =IF($A27="","",SUMIFS(ERFASSUNG!$H$6:$H$3005,ERFASSUNG!$D$6:$D$3005,$A27,ERFASSUNG!$C$6:$C$3005,$B$3)) | G27: =IF($A27="","",SUMIFS(ERFASSUNG!$I$6:$I$3005,ERFASSUNG!$D$6:$D$3005,$A27,ERFASSUNG!$C$6:$C$3005,$B$3)) | H27: =IF($A27="","",SUMIFS(ERFASSUNG!$J$6:$J$3005,ERFASSUNG!$D$6:$D$3005,$A27,ERFASSUNG!$C$6:$C$3005,$B$3)) | I27: =IF($A27="","",SUMIFS(ERFASSUNG!$K$6:$K$3005,ERFASSUNG!$D$6:$D$3005,$A27,ERFASSUNG!$C$6:$C$3005,$B$3)) | J27: =IF($A27="","",SUMIFS(ERFASSUNG!$L$6:$L$3005,ERFASSUNG!$D$6:$D$3005,$A27,ERFASSUNG!$C$6:$C$3005,$B$3)) | K27: =IF($A27="","",SUMIFS(ERFASSUNG!$M$6:$M$3005,ERFASSUNG!$D$6:$D$3005,$A27,ERFASSUNG!$C$6:$C$3005,$B$3)) | L27: =IF($A27="","",SUMIFS(ERFASSUNG!$N$6:$N$3005,ERFASSUNG!$D$6:$D$3005,$A27,ERFASSUNG!$C$6:$C$3005,$B$3)) | M27: =IF(OR($A27="",N($G$51)=0),"",G27/$G$51)
A28: =IF(LISTEN!$A$9="","",LISTEN!$A$9) | B28: =IF($A28="","",COUNTIFS(ERFASSUNG!$D$6:$D$3005,$A28,ERFASSUNG!$C$6:$C$3005,$B$3)) | C28: =IF($A28="","",SUMIFS(ERFASSUNG!$E$6:$E$3005,ERFASSUNG!$D$6:$D$3005,$A28,ERFASSUNG!$C$6:$C$3005,$B$3)) | D28: =IF($A28="","",SUMIFS(ERFASSUNG!$F$6:$F$3005,ERFASSUNG!$D$6:$D$3005,$A28,ERFASSUNG!$C$6:$C$3005,$B$3)) | E28: =IF($A28="","",SUMIFS(ERFASSUNG!$G$6:$G$3005,ERFASSUNG!$D$6:$D$3005,$A28,ERFASSUNG!$C$6:$C$3005,$B$3)) | F28: =IF($A28="","",SUMIFS(ERFASSUNG!$H$6:$H$3005,ERFASSUNG!$D$6:$D$3005,$A28,ERFASSUNG!$C$6:$C$3005,$B$3)) | G28: =IF($A28="","",SUMIFS(ERFASSUNG!$I$6:$I$3005,ERFASSUNG!$D$6:$D$3005,$A28,ERFASSUNG!$C$6:$C$3005,$B$3)) | H28: =IF($A28="","",SUMIFS(ERFASSUNG!$J$6:$J$3005,ERFASSUNG!$D$6:$D$3005,$A28,ERFASSUNG!$C$6:$C$3005,$B$3)) | I28: =IF($A28="","",SUMIFS(ERFASSUNG!$K$6:$K$3005,ERFASSUNG!$D$6:$D$3005,$A28,ERFASSUNG!$C$6:$C$3005,$B$3)) | J28: =IF($A28="","",SUMIFS(ERFASSUNG!$L$6:$L$3005,ERFASSUNG!$D$6:$D$3005,$A28,ERFASSUNG!$C$6:$C$3005,$B$3)) | K28: =IF($A28="","",SUMIFS(ERFASSUNG!$M$6:$M$3005,ERFASSUNG!$D$6:$D$3005,$A28,ERFASSUNG!$C$6:$C$3005,$B$3)) | L28: =IF($A28="","",SUMIFS(ERFASSUNG!$N$6:$N$3005,ERFASSUNG!$D$6:$D$3005,$A28,ERFASSUNG!$C$6:$C$3005,$B$3)) | M28: =IF(OR($A28="",N($G$51)=0),"",G28/$G$51)
A29: =IF(LISTEN!$A$10="","",LISTEN!$A$10) | B29: =IF($A29="","",COUNTIFS(ERFASSUNG!$D$6:$D$3005,$A29,ERFASSUNG!$C$6:$C$3005,$B$3)) | C29: =IF($A29="","",SUMIFS(ERFASSUNG!$E$6:$E$3005,ERFASSUNG!$D$6:$D$3005,$A29,ERFASSUNG!$C$6:$C$3005,$B$3)) | D29: =IF($A29="","",SUMIFS(ERFASSUNG!$F$6:$F$3005,ERFASSUNG!$D$6:$D$3005,$A29,ERFASSUNG!$C$6:$C$3005,$B$3)) | E29: =IF($A29="","",SUMIFS(ERFASSUNG!$G$6:$G$3005,ERFASSUNG!$D$6:$D$3005,$A29,ERFASSUNG!$C$6:$C$3005,$B$3)) | F29: =IF($A29="","",SUMIFS(ERFASSUNG!$H$6:$H$3005,ERFASSUNG!$D$6:$D$3005,$A29,ERFASSUNG!$C$6:$C$3005,$B$3)) | G29: =IF($A29="","",SUMIFS(ERFASSUNG!$I$6:$I$3005,ERFASSUNG!$D$6:$D$3005,$A29,ERFASSUNG!$C$6:$C$3005,$B$3)) | H29: =IF($A29="","",SUMIFS(ERFASSUNG!$J$6:$J$3005,ERFASSUNG!$D$6:$D$3005,$A29,ERFASSUNG!$C$6:$C$3005,$B$3)) | I29: =IF($A29="","",SUMIFS(ERFASSUNG!$K$6:$K$3005,ERFASSUNG!$D$6:$D$3005,$A29,ERFASSUNG!$C$6:$C$3005,$B$3)) | J29: =IF($A29="","",SUMIFS(ERFASSUNG!$L$6:$L$3005,ERFASSUNG!$D$6:$D$3005,$A29,ERFASSUNG!$C$6:$C$3005,$B$3)) | K29: =IF($A29="","",SUMIFS(ERFASSUNG!$M$6:$M$3005,ERFASSUNG!$D$6:$D$3005,$A29,ERFASSUNG!$C$6:$C$3005,$B$3)) | L29: =IF($A29="","",SUMIFS(ERFASSUNG!$N$6:$N$3005,ERFASSUNG!$D$6:$D$3005,$A29,ERFASSUNG!$C$6:$C$3005,$B$3)) | M29: =IF(OR($A29="",N($G$51)=0),"",G29/$G$51)
A30: =IF(LISTEN!$A$11="","",LISTEN!$A$11) | B30: =IF($A30="","",COUNTIFS(ERFASSUNG!$D$6:$D$3005,$A30,ERFASSUNG!$C$6:$C$3005,$B$3)) | C30: =IF($A30="","",SUMIFS(ERFASSUNG!$E$6:$E$3005,ERFASSUNG!$D$6:$D$3005,$A30,ERFASSUNG!$C$6:$C$3005,$B$3)) | D30: =IF($A30="","",SUMIFS(ERFASSUNG!$F$6:$F$3005,ERFASSUNG!$D$6:$D$3005,$A30,ERFASSUNG!$C$6:$C$3005,$B$3)) | E30: =IF($A30="","",SUMIFS(ERFASSUNG!$G$6:$G$3005,ERFASSUNG!$D$6:$D$3005,$A30,ERFASSUNG!$C$6:$C$3005,$B$3)) | F30: =IF($A30="","",SUMIFS(ERFASSUNG!$H$6:$H$3005,ERFASSUNG!$D$6:$D$3005,$A30,ERFASSUNG!$C$6:$C$3005,$B$3)) | G30: =IF($A30="","",SUMIFS(ERFASSUNG!$I$6:$I$3005,ERFASSUNG!$D$6:$D$3005,$A30,ERFASSUNG!$C$6:$C$3005,$B$3)) | H30: =IF($A30="","",SUMIFS(ERFASSUNG!$J$6:$J$3005,ERFASSUNG!$D$6:$D$3005,$A30,ERFASSUNG!$C$6:$C$3005,$B$3)) | I30: =IF($A30="","",SUMIFS(ERFASSUNG!$K$6:$K$3005,ERFASSUNG!$D$6:$D$3005,$A30,ERFASSUNG!$C$6:$C$3005,$B$3)) | J30: =IF($A30="","",SUMIFS(ERFASSUNG!$L$6:$L$3005,ERFASSUNG!$D$6:$D$3005,$A30,ERFASSUNG!$C$6:$C$3005,$B$3)) | K30: =IF($A30="","",SUMIFS(ERFASSUNG!$M$6:$M$3005,ERFASSUNG!$D$6:$D$3005,$A30,ERFASSUNG!$C$6:$C$3005,$B$3)) | L30: =IF($A30="","",SUMIFS(ERFASSUNG!$N$6:$N$3005,ERFASSUNG!$D$6:$D$3005,$A30,ERFASSUNG!$C$6:$C$3005,$B$3)) | M30: =IF(OR($A30="",N($G$51)=0),"",G30/$G$51)
A31: =IF(LISTEN!$A$12="","",LISTEN!$A$12) | B31: =IF($A31="","",COUNTIFS(ERFASSUNG!$D$6:$D$3005,$A31,ERFASSUNG!$C$6:$C$3005,$B$3)) | C31: =IF($A31="","",SUMIFS(ERFASSUNG!$E$6:$E$3005,ERFASSUNG!$D$6:$D$3005,$A31,ERFASSUNG!$C$6:$C$3005,$B$3)) | D31: =IF($A31="","",SUMIFS(ERFASSUNG!$F$6:$F$3005,ERFASSUNG!$D$6:$D$3005,$A31,ERFASSUNG!$C$6:$C$3005,$B$3)) | E31: =IF($A31="","",SUMIFS(ERFASSUNG!$G$6:$G$3005,ERFASSUNG!$D$6:$D$3005,$A31,ERFASSUNG!$C$6:$C$3005,$B$3)) | F31: =IF($A31="","",SUMIFS(ERFASSUNG!$H$6:$H$3005,ERFASSUNG!$D$6:$D$3005,$A31,ERFASSUNG!$C$6:$C$3005,$B$3)) | G31: =IF($A31="","",SUMIFS(ERFASSUNG!$I$6:$I$3005,ERFASSUNG!$D$6:$D$3005,$A31,ERFASSUNG!$C$6:$C$3005,$B$3)) | H31: =IF($A31="","",SUMIFS(ERFASSUNG!$J$6:$J$3005,ERFASSUNG!$D$6:$D$3005,$A31,ERFASSUNG!$C$6:$C$3005,$B$3)) | I31: =IF($A31="","",SUMIFS(ERFASSUNG!$K$6:$K$3005,ERFASSUNG!$D$6:$D$3005,$A31,ERFASSUNG!$C$6:$C$3005,$B$3)) | J31: =IF($A31="","",SUMIFS(ERFASSUNG!$L$6:$L$3005,ERFASSUNG!$D$6:$D$3005,$A31,ERFASSUNG!$C$6:$C$3005,$B$3)) | K31: =IF($A31="","",SUMIFS(ERFASSUNG!$M$6:$M$3005,ERFASSUNG!$D$6:$D$3005,$A31,ERFASSUNG!$C$6:$C$3005,$B$3)) | L31: =IF($A31="","",SUMIFS(ERFASSUNG!$N$6:$N$3005,ERFASSUNG!$D$6:$D$3005,$A31,ERFASSUNG!$C$6:$C$3005,$B$3)) | M31: =IF(OR($A31="",N($G$51)=0),"",G31/$G$51)
A32: =IF(LISTEN!$A$13="","",LISTEN!$A$13) | B32: =IF($A32="","",COUNTIFS(ERFASSUNG!$D$6:$D$3005,$A32,ERFASSUNG!$C$6:$C$3005,$B$3)) | C32: =IF($A32="","",SUMIFS(ERFASSUNG!$E$6:$E$3005,ERFASSUNG!$D$6:$D$3005,$A32,ERFASSUNG!$C$6:$C$3005,$B$3)) | D32: =IF($A32="","",SUMIFS(ERFASSUNG!$F$6:$F$3005,ERFASSUNG!$D$6:$D$3005,$A32,ERFASSUNG!$C$6:$C$3005,$B$3)) | E32: =IF($A32="","",SUMIFS(ERFASSUNG!$G$6:$G$3005,ERFASSUNG!$D$6:$D$3005,$A32,ERFASSUNG!$C$6:$C$3005,$B$3)) | F32: =IF($A32="","",SUMIFS(ERFASSUNG!$H$6:$H$3005,ERFASSUNG!$D$6:$D$3005,$A32,ERFASSUNG!$C$6:$C$3005,$B$3)) | G32: =IF($A32="","",SUMIFS(ERFASSUNG!$I$6:$I$3005,ERFASSUNG!$D$6:$D$3005,$A32,ERFASSUNG!$C$6:$C$3005,$B$3)) | H32: =IF($A32="","",SUMIFS(ERFASSUNG!$J$6:$J$3005,ERFASSUNG!$D$6:$D$3005,$A32,ERFASSUNG!$C$6:$C$3005,$B$3)) | I32: =IF($A32="","",SUMIFS(ERFASSUNG!$K$6:$K$3005,ERFASSUNG!$D$6:$D$3005,$A32,ERFASSUNG!$C$6:$C$3005,$B$3)) | J32: =IF($A32="","",SUMIFS(ERFASSUNG!$L$6:$L$3005,ERFASSUNG!$D$6:$D$3005,$A32,ERFASSUNG!$C$6:$C$3005,$B$3)) | K32: =IF($A32="","",SUMIFS(ERFASSUNG!$M$6:$M$3005,ERFASSUNG!$D$6:$D$3005,$A32,ERFASSUNG!$C$6:$C$3005,$B$3)) | L32: =IF($A32="","",SUMIFS(ERFASSUNG!$N$6:$N$3005,ERFASSUNG!$D$6:$D$3005,$A32,ERFASSUNG!$C$6:$C$3005,$B$3)) | M32: =IF(OR($A32="",N($G$51)=0),"",G32/$G$51)
A33: =IF(LISTEN!$A$14="","",LISTEN!$A$14) | B33: =IF($A33="","",COUNTIFS(ERFASSUNG!$D$6:$D$3005,$A33,ERFASSUNG!$C$6:$C$3005,$B$3)) | C33: =IF($A33="","",SUMIFS(ERFASSUNG!$E$6:$E$3005,ERFASSUNG!$D$6:$D$3005,$A33,ERFASSUNG!$C$6:$C$3005,$B$3)) | D33: =IF($A33="","",SUMIFS(ERFASSUNG!$F$6:$F$3005,ERFASSUNG!$D$6:$D$3005,$A33,ERFASSUNG!$C$6:$C$3005,$B$3)) | E33: =IF($A33="","",SUMIFS(ERFASSUNG!$G$6:$G$3005,ERFASSUNG!$D$6:$D$3005,$A33,ERFASSUNG!$C$6:$C$3005,$B$3)) | F33: =IF($A33="","",SUMIFS(ERFASSUNG!$H$6:$H$3005,ERFASSUNG!$D$6:$D$3005,$A33,ERFASSUNG!$C$6:$C$3005,$B$3)) | G33: =IF($A33="","",SUMIFS(ERFASSUNG!$I$6:$I$3005,ERFASSUNG!$D$6:$D$3005,$A33,ERFASSUNG!$C$6:$C$3005,$B$3)) | H33: =IF($A33="","",SUMIFS(ERFASSUNG!$J$6:$J$3005,ERFASSUNG!$D$6:$D$3005,$A33,ERFASSUNG!$C$6:$C$3005,$B$3)) | I33: =IF($A33="","",SUMIFS(ERFASSUNG!$K$6:$K$3005,ERFASSUNG!$D$6:$D$3005,$A33,ERFASSUNG!$C$6:$C$3005,$B$3)) | J33: =IF($A33="","",SUMIFS(ERFASSUNG!$L$6:$L$3005,ERFASSUNG!$D$6:$D$3005,$A33,ERFASSUNG!$C$6:$C$3005,$B$3)) | K33: =IF($A33="","",SUMIFS(ERFASSUNG!$M$6:$M$3005,ERFASSUNG!$D$6:$D$3005,$A33,ERFASSUNG!$C$6:$C$3005,$B$3)) | L33: =IF($A33="","",SUMIFS(ERFASSUNG!$N$6:$N$3005,ERFASSUNG!$D$6:$D$3005,$A33,ERFASSUNG!$C$6:$C$3005,$B$3)) | M33: =IF(OR($A33="",N($G$51)=0),"",G33/$G$51)
A34: =IF(LISTEN!$A$15="","",LISTEN!$A$15) | B34: =IF($A34="","",COUNTIFS(ERFASSUNG!$D$6:$D$3005,$A34,ERFASSUNG!$C$6:$C$3005,$B$3)) | C34: =IF($A34="","",SUMIFS(ERFASSUNG!$E$6:$E$3005,ERFASSUNG!$D$6:$D$3005,$A34,ERFASSUNG!$C$6:$C$3005,$B$3)) | D34: =IF($A34="","",SUMIFS(ERFASSUNG!$F$6:$F$3005,ERFASSUNG!$D$6:$D$3005,$A34,ERFASSUNG!$C$6:$C$3005,$B$3)) | E34: =IF($A34="","",SUMIFS(ERFASSUNG!$G$6:$G$3005,ERFASSUNG!$D$6:$D$3005,$A34,ERFASSUNG!$C$6:$C$3005,$B$3)) | F34: =IF($A34="","",SUMIFS(ERFASSUNG!$H$6:$H$3005,ERFASSUNG!$D$6:$D$3005,$A34,ERFASSUNG!$C$6:$C$3005,$B$3)) | G34: =IF($A34="","",SUMIFS(ERFASSUNG!$I$6:$I$3005,ERFASSUNG!$D$6:$D$3005,$A34,ERFASSUNG!$C$6:$C$3005,$B$3)) | H34: =IF($A34="","",SUMIFS(ERFASSUNG!$J$6:$J$3005,ERFASSUNG!$D$6:$D$3005,$A34,ERFASSUNG!$C$6:$C$3005,$B$3)) | I34: =IF($A34="","",SUMIFS(ERFASSUNG!$K$6:$K$3005,ERFASSUNG!$D$6:$D$3005,$A34,ERFASSUNG!$C$6:$C$3005,$B$3)) | J34: =IF($A34="","",SUMIFS(ERFASSUNG!$L$6:$L$3005,ERFASSUNG!$D$6:$D$3005,$A34,ERFASSUNG!$C$6:$C$3005,$B$3)) | K34: =IF($A34="","",SUMIFS(ERFASSUNG!$M$6:$M$3005,ERFASSUNG!$D$6:$D$3005,$A34,ERFASSUNG!$C$6:$C$3005,$B$3)) | L34: =IF($A34="","",SUMIFS(ERFASSUNG!$N$6:$N$3005,ERFASSUNG!$D$6:$D$3005,$A34,ERFASSUNG!$C$6:$C$3005,$B$3)) | M34: =IF(OR($A34="",N($G$51)=0),"",G34/$G$51)
A35: =IF(LISTEN!$A$16="","",LISTEN!$A$16) | B35: =IF($A35="","",COUNTIFS(ERFASSUNG!$D$6:$D$3005,$A35,ERFASSUNG!$C$6:$C$3005,$B$3)) | C35: =IF($A35="","",SUMIFS(ERFASSUNG!$E$6:$E$3005,ERFASSUNG!$D$6:$D$3005,$A35,ERFASSUNG!$C$6:$C$3005,$B$3)) | D35: =IF($A35="","",SUMIFS(ERFASSUNG!$F$6:$F$3005,ERFASSUNG!$D$6:$D$3005,$A35,ERFASSUNG!$C$6:$C$3005,$B$3)) | E35: =IF($A35="","",SUMIFS(ERFASSUNG!$G$6:$G$3005,ERFASSUNG!$D$6:$D$3005,$A35,ERFASSUNG!$C$6:$C$3005,$B$3)) | F35: =IF($A35="","",SUMIFS(ERFASSUNG!$H$6:$H$3005,ERFASSUNG!$D$6:$D$3005,$A35,ERFASSUNG!$C$6:$C$3005,$B$3)) | G35: =IF($A35="","",SUMIFS(ERFASSUNG!$I$6:$I$3005,ERFASSUNG!$D$6:$D$3005,$A35,ERFASSUNG!$C$6:$C$3005,$B$3)) | H35: =IF($A35="","",SUMIFS(ERFASSUNG!$J$6:$J$3005,ERFASSUNG!$D$6:$D$3005,$A35,ERFASSUNG!$C$6:$C$3005,$B$3)) | I35: =IF($A35="","",SUMIFS(ERFASSUNG!$K$6:$K$3005,ERFASSUNG!$D$6:$D$3005,$A35,ERFASSUNG!$C$6:$C$3005,$B$3)) | J35: =IF($A35="","",SUMIFS(ERFASSUNG!$L$6:$L$3005,ERFASSUNG!$D$6:$D$3005,$A35,ERFASSUNG!$C$6:$C$3005,$B$3)) | K35: =IF($A35="","",SUMIFS(ERFASSUNG!$M$6:$M$3005,ERFASSUNG!$D$6:$D$3005,$A35,ERFASSUNG!$C$6:$C$3005,$B$3)) | L35: =IF($A35="","",SUMIFS(ERFASSUNG!$N$6:$N$3005,ERFASSUNG!$D$6:$D$3005,$A35,ERFASSUNG!$C$6:$C$3005,$B$3)) | M35: =IF(OR($A35="",N($G$51)=0),"",G35/$G$51)
A36: =IF(LISTEN!$A$17="","",LISTEN!$A$17) | B36: =IF($A36="","",COUNTIFS(ERFASSUNG!$D$6:$D$3005,$A36,ERFASSUNG!$C$6:$C$3005,$B$3)) | C36: =IF($A36="","",SUMIFS(ERFASSUNG!$E$6:$E$3005,ERFASSUNG!$D$6:$D$3005,$A36,ERFASSUNG!$C$6:$C$3005,$B$3)) | D36: =IF($A36="","",SUMIFS(ERFASSUNG!$F$6:$F$3005,ERFASSUNG!$D$6:$D$3005,$A36,ERFASSUNG!$C$6:$C$3005,$B$3)) | E36: =IF($A36="","",SUMIFS(ERFASSUNG!$G$6:$G$3005,ERFASSUNG!$D$6:$D$3005,$A36,ERFASSUNG!$C$6:$C$3005,$B$3)) | F36: =IF($A36="","",SUMIFS(ERFASSUNG!$H$6:$H$3005,ERFASSUNG!$D$6:$D$3005,$A36,ERFASSUNG!$C$6:$C$3005,$B$3)) | G36: =IF($A36="","",SUMIFS(ERFASSUNG!$I$6:$I$3005,ERFASSUNG!$D$6:$D$3005,$A36,ERFASSUNG!$C$6:$C$3005,$B$3)) | H36: =IF($A36="","",SUMIFS(ERFASSUNG!$J$6:$J$3005,ERFASSUNG!$D$6:$D$3005,$A36,ERFASSUNG!$C$6:$C$3005,$B$3)) | I36: =IF($A36="","",SUMIFS(ERFASSUNG!$K$6:$K$3005,ERFASSUNG!$D$6:$D$3005,$A36,ERFASSUNG!$C$6:$C$3005,$B$3)) | J36: =IF($A36="","",SUMIFS(ERFASSUNG!$L$6:$L$3005,ERFASSUNG!$D$6:$D$3005,$A36,ERFASSUNG!$C$6:$C$3005,$B$3)) | K36: =IF($A36="","",SUMIFS(ERFASSUNG!$M$6:$M$3005,ERFASSUNG!$D$6:$D$3005,$A36,ERFASSUNG!$C$6:$C$3005,$B$3)) | L36: =IF($A36="","",SUMIFS(ERFASSUNG!$N$6:$N$3005,ERFASSUNG!$D$6:$D$3005,$A36,ERFASSUNG!$C$6:$C$3005,$B$3)) | M36: =IF(OR($A36="",N($G$51)=0),"",G36/$G$51)
A37: =IF(LISTEN!$A$18="","",LISTEN!$A$18) | B37: =IF($A37="","",COUNTIFS(ERFASSUNG!$D$6:$D$3005,$A37,ERFASSUNG!$C$6:$C$3005,$B$3)) | C37: =IF($A37="","",SUMIFS(ERFASSUNG!$E$6:$E$3005,ERFASSUNG!$D$6:$D$3005,$A37,ERFASSUNG!$C$6:$C$3005,$B$3)) | D37: =IF($A37="","",SUMIFS(ERFASSUNG!$F$6:$F$3005,ERFASSUNG!$D$6:$D$3005,$A37,ERFASSUNG!$C$6:$C$3005,$B$3)) | E37: =IF($A37="","",SUMIFS(ERFASSUNG!$G$6:$G$3005,ERFASSUNG!$D$6:$D$3005,$A37,ERFASSUNG!$C$6:$C$3005,$B$3)) | F37: =IF($A37="","",SUMIFS(ERFASSUNG!$H$6:$H$3005,ERFASSUNG!$D$6:$D$3005,$A37,ERFASSUNG!$C$6:$C$3005,$B$3)) | G37: =IF($A37="","",SUMIFS(ERFASSUNG!$I$6:$I$3005,ERFASSUNG!$D$6:$D$3005,$A37,ERFASSUNG!$C$6:$C$3005,$B$3)) | H37: =IF($A37="","",SUMIFS(ERFASSUNG!$J$6:$J$3005,ERFASSUNG!$D$6:$D$3005,$A37,ERFASSUNG!$C$6:$C$3005,$B$3)) | I37: =IF($A37="","",SUMIFS(ERFASSUNG!$K$6:$K$3005,ERFASSUNG!$D$6:$D$3005,$A37,ERFASSUNG!$C$6:$C$3005,$B$3)) | J37: =IF($A37="","",SUMIFS(ERFASSUNG!$L$6:$L$3005,ERFASSUNG!$D$6:$D$3005,$A37,ERFASSUNG!$C$6:$C$3005,$B$3)) | K37: =IF($A37="","",SUMIFS(ERFASSUNG!$M$6:$M$3005,ERFASSUNG!$D$6:$D$3005,$A37,ERFASSUNG!$C$6:$C$3005,$B$3)) | L37: =IF($A37="","",SUMIFS(ERFASSUNG!$N$6:$N$3005,ERFASSUNG!$D$6:$D$3005,$A37,ERFASSUNG!$C$6:$C$3005,$B$3)) | M37: =IF(OR($A37="",N($G$51)=0),"",G37/$G$51)
A38: =IF(LISTEN!$A$19="","",LISTEN!$A$19) | B38: =IF($A38="","",COUNTIFS(ERFASSUNG!$D$6:$D$3005,$A38,ERFASSUNG!$C$6:$C$3005,$B$3)) | C38: =IF($A38="","",SUMIFS(ERFASSUNG!$E$6:$E$3005,ERFASSUNG!$D$6:$D$3005,$A38,ERFASSUNG!$C$6:$C$3005,$B$3)) | D38: =IF($A38="","",SUMIFS(ERFASSUNG!$F$6:$F$3005,ERFASSUNG!$D$6:$D$3005,$A38,ERFASSUNG!$C$6:$C$3005,$B$3)) | E38: =IF($A38="","",SUMIFS(ERFASSUNG!$G$6:$G$3005,ERFASSUNG!$D$6:$D$3005,$A38,ERFASSUNG!$C$6:$C$3005,$B$3)) | F38: =IF($A38="","",SUMIFS(ERFASSUNG!$H$6:$H$3005,ERFASSUNG!$D$6:$D$3005,$A38,ERFASSUNG!$C$6:$C$3005,$B$3)) | G38: =IF($A38="","",SUMIFS(ERFASSUNG!$I$6:$I$3005,ERFASSUNG!$D$6:$D$3005,$A38,ERFASSUNG!$C$6:$C$3005,$B$3)) | H38: =IF($A38="","",SUMIFS(ERFASSUNG!$J$6:$J$3005,ERFASSUNG!$D$6:$D$3005,$A38,ERFASSUNG!$C$6:$C$3005,$B$3)) | I38: =IF($A38="","",SUMIFS(ERFASSUNG!$K$6:$K$3005,ERFASSUNG!$D$6:$D$3005,$A38,ERFASSUNG!$C$6:$C$3005,$B$3)) | J38: =IF($A38="","",SUMIFS(ERFASSUNG!$L$6:$L$3005,ERFASSUNG!$D$6:$D$3005,$A38,ERFASSUNG!$C$6:$C$3005,$B$3)) | K38: =IF($A38="","",SUMIFS(ERFASSUNG!$M$6:$M$3005,ERFASSUNG!$D$6:$D$3005,$A38,ERFASSUNG!$C$6:$C$3005,$B$3)) | L38: =IF($A38="","",SUMIFS(ERFASSUNG!$N$6:$N$3005,ERFASSUNG!$D$6:$D$3005,$A38,ERFASSUNG!$C$6:$C$3005,$B$3)) | M38: =IF(OR($A38="",N($G$51)=0),"",G38/$G$51)
A39: =IF(LISTEN!$A$20="","",LISTEN!$A$20) | B39: =IF($A39="","",COUNTIFS(ERFASSUNG!$D$6:$D$3005,$A39,ERFASSUNG!$C$6:$C$3005,$B$3)) | C39: =IF($A39="","",SUMIFS(ERFASSUNG!$E$6:$E$3005,ERFASSUNG!$D$6:$D$3005,$A39,ERFASSUNG!$C$6:$C$3005,$B$3)) | D39: =IF($A39="","",SUMIFS(ERFASSUNG!$F$6:$F$3005,ERFASSUNG!$D$6:$D$3005,$A39,ERFASSUNG!$C$6:$C$3005,$B$3)) | E39: =IF($A39="","",SUMIFS(ERFASSUNG!$G$6:$G$3005,ERFASSUNG!$D$6:$D$3005,$A39,ERFASSUNG!$C$6:$C$3005,$B$3)) | F39: =IF($A39="","",SUMIFS(ERFASSUNG!$H$6:$H$3005,ERFASSUNG!$D$6:$D$3005,$A39,ERFASSUNG!$C$6:$C$3005,$B$3)) | G39: =IF($A39="","",SUMIFS(ERFASSUNG!$I$6:$I$3005,ERFASSUNG!$D$6:$D$3005,$A39,ERFASSUNG!$C$6:$C$3005,$B$3)) | H39: =IF($A39="","",SUMIFS(ERFASSUNG!$J$6:$J$3005,ERFASSUNG!$D$6:$D$3005,$A39,ERFASSUNG!$C$6:$C$3005,$B$3)) | I39: =IF($A39="","",SUMIFS(ERFASSUNG!$K$6:$K$3005,ERFASSUNG!$D$6:$D$3005,$A39,ERFASSUNG!$C$6:$C$3005,$B$3)) | J39: =IF($A39="","",SUMIFS(ERFASSUNG!$L$6:$L$3005,ERFASSUNG!$D$6:$D$3005,$A39,ERFASSUNG!$C$6:$C$3005,$B$3)) | K39: =IF($A39="","",SUMIFS(ERFASSUNG!$M$6:$M$3005,ERFASSUNG!$D$6:$D$3005,$A39,ERFASSUNG!$C$6:$C$3005,$B$3)) | L39: =IF($A39="","",SUMIFS(ERFASSUNG!$N$6:$N$3005,ERFASSUNG!$D$6:$D$3005,$A39,ERFASSUNG!$C$6:$C$3005,$B$3)) | M39: =IF(OR($A39="",N($G$51)=0),"",G39/$G$51)
A40: =IF(LISTEN!$A$21="","",LISTEN!$A$21) | B40: =IF($A40="","",COUNTIFS(ERFASSUNG!$D$6:$D$3005,$A40,ERFASSUNG!$C$6:$C$3005,$B$3)) | C40: =IF($A40="","",SUMIFS(ERFASSUNG!$E$6:$E$3005,ERFASSUNG!$D$6:$D$3005,$A40,ERFASSUNG!$C$6:$C$3005,$B$3)) | D40: =IF($A40="","",SUMIFS(ERFASSUNG!$F$6:$F$3005,ERFASSUNG!$D$6:$D$3005,$A40,ERFASSUNG!$C$6:$C$3005,$B$3)) | E40: =IF($A40="","",SUMIFS(ERFASSUNG!$G$6:$G$3005,ERFASSUNG!$D$6:$D$3005,$A40,ERFASSUNG!$C$6:$C$3005,$B$3)) | F40: =IF($A40="","",SUMIFS(ERFASSUNG!$H$6:$H$3005,ERFASSUNG!$D$6:$D$3005,$A40,ERFASSUNG!$C$6:$C$3005,$B$3)) | G40: =IF($A40="","",SUMIFS(ERFASSUNG!$I$6:$I$3005,ERFASSUNG!$D$6:$D$3005,$A40,ERFASSUNG!$C$6:$C$3005,$B$3)) | H40: =IF($A40="","",SUMIFS(ERFASSUNG!$J$6:$J$3005,ERFASSUNG!$D$6:$D$3005,$A40,ERFASSUNG!$C$6:$C$3005,$B$3)) | I40: =IF($A40="","",SUMIFS(ERFASSUNG!$K$6:$K$3005,ERFASSUNG!$D$6:$D$3005,$A40,ERFASSUNG!$C$6:$C$3005,$B$3)) | J40: =IF($A40="","",SUMIFS(ERFASSUNG!$L$6:$L$3005,ERFASSUNG!$D$6:$D$3005,$A40,ERFASSUNG!$C$6:$C$3005,$B$3)) | K40: =IF($A40="","",SUMIFS(ERFASSUNG!$M$6:$M$3005,ERFASSUNG!$D$6:$D$3005,$A40,ERFASSUNG!$C$6:$C$3005,$B$3)) | L40: =IF($A40="","",SUMIFS(ERFASSUNG!$N$6:$N$3005,ERFASSUNG!$D$6:$D$3005,$A40,ERFASSUNG!$C$6:$C$3005,$B$3)) | M40: =IF(OR($A40="",N($G$51)=0),"",G40/$G$51)
A41: =IF(LISTEN!$A$22="","",LISTEN!$A$22) | B41: =IF($A41="","",COUNTIFS(ERFASSUNG!$D$6:$D$3005,$A41,ERFASSUNG!$C$6:$C$3005,$B$3)) | C41: =IF($A41="","",SUMIFS(ERFASSUNG!$E$6:$E$3005,ERFASSUNG!$D$6:$D$3005,$A41,ERFASSUNG!$C$6:$C$3005,$B$3)) | D41: =IF($A41="","",SUMIFS(ERFASSUNG!$F$6:$F$3005,ERFASSUNG!$D$6:$D$3005,$A41,ERFASSUNG!$C$6:$C$3005,$B$3)) | E41: =IF($A41="","",SUMIFS(ERFASSUNG!$G$6:$G$3005,ERFASSUNG!$D$6:$D$3005,$A41,ERFASSUNG!$C$6:$C$3005,$B$3)) | F41: =IF($A41="","",SUMIFS(ERFASSUNG!$H$6:$H$3005,ERFASSUNG!$D$6:$D$3005,$A41,ERFASSUNG!$C$6:$C$3005,$B$3)) | G41: =IF($A41="","",SUMIFS(ERFASSUNG!$I$6:$I$3005,ERFASSUNG!$D$6:$D$3005,$A41,ERFASSUNG!$C$6:$C$3005,$B$3)) | H41: =IF($A41="","",SUMIFS(ERFASSUNG!$J$6:$J$3005,ERFASSUNG!$D$6:$D$3005,$A41,ERFASSUNG!$C$6:$C$3005,$B$3)) | I41: =IF($A41="","",SUMIFS(ERFASSUNG!$K$6:$K$3005,ERFASSUNG!$D$6:$D$3005,$A41,ERFASSUNG!$C$6:$C$3005,$B$3)) | J41: =IF($A41="","",SUMIFS(ERFASSUNG!$L$6:$L$3005,ERFASSUNG!$D$6:$D$3005,$A41,ERFASSUNG!$C$6:$C$3005,$B$3)) | K41: =IF($A41="","",SUMIFS(ERFASSUNG!$M$6:$M$3005,ERFASSUNG!$D$6:$D$3005,$A41,ERFASSUNG!$C$6:$C$3005,$B$3)) | L41: =IF($A41="","",SUMIFS(ERFASSUNG!$N$6:$N$3005,ERFASSUNG!$D$6:$D$3005,$A41,ERFASSUNG!$C$6:$C$3005,$B$3)) | M41: =IF(OR($A41="",N($G$51)=0),"",G41/$G$51)
A42: =IF(LISTEN!$A$23="","",LISTEN!$A$23) | B42: =IF($A42="","",COUNTIFS(ERFASSUNG!$D$6:$D$3005,$A42,ERFASSUNG!$C$6:$C$3005,$B$3)) | C42: =IF($A42="","",SUMIFS(ERFASSUNG!$E$6:$E$3005,ERFASSUNG!$D$6:$D$3005,$A42,ERFASSUNG!$C$6:$C$3005,$B$3)) | D42: =IF($A42="","",SUMIFS(ERFASSUNG!$F$6:$F$3005,ERFASSUNG!$D$6:$D$3005,$A42,ERFASSUNG!$C$6:$C$3005,$B$3)) | E42: =IF($A42="","",SUMIFS(ERFASSUNG!$G$6:$G$3005,ERFASSUNG!$D$6:$D$3005,$A42,ERFASSUNG!$C$6:$C$3005,$B$3)) | F42: =IF($A42="","",SUMIFS(ERFASSUNG!$H$6:$H$3005,ERFASSUNG!$D$6:$D$3005,$A42,ERFASSUNG!$C$6:$C$3005,$B$3)) | G42: =IF($A42="","",SUMIFS(ERFASSUNG!$I$6:$I$3005,ERFASSUNG!$D$6:$D$3005,$A42,ERFASSUNG!$C$6:$C$3005,$B$3)) | H42: =IF($A42="","",SUMIFS(ERFASSUNG!$J$6:$J$3005,ERFASSUNG!$D$6:$D$3005,$A42,ERFASSUNG!$C$6:$C$3005,$B$3)) | I42: =IF($A42="","",SUMIFS(ERFASSUNG!$K$6:$K$3005,ERFASSUNG!$D$6:$D$3005,$A42,ERFASSUNG!$C$6:$C$3005,$B$3)) | J42: =IF($A42="","",SUMIFS(ERFASSUNG!$L$6:$L$3005,ERFASSUNG!$D$6:$D$3005,$A42,ERFASSUNG!$C$6:$C$3005,$B$3)) | K42: =IF($A42="","",SUMIFS(ERFASSUNG!$M$6:$M$3005,ERFASSUNG!$D$6:$D$3005,$A42,ERFASSUNG!$C$6:$C$3005,$B$3)) | L42: =IF($A42="","",SUMIFS(ERFASSUNG!$N$6:$N$3005,ERFASSUNG!$D$6:$D$3005,$A42,ERFASSUNG!$C$6:$C$3005,$B$3)) | M42: =IF(OR($A42="",N($G$51)=0),"",G42/$G$51)
A43: =IF(LISTEN!$A$24="","",LISTEN!$A$24) | B43: =IF($A43="","",COUNTIFS(ERFASSUNG!$D$6:$D$3005,$A43,ERFASSUNG!$C$6:$C$3005,$B$3)) | C43: =IF($A43="","",SUMIFS(ERFASSUNG!$E$6:$E$3005,ERFASSUNG!$D$6:$D$3005,$A43,ERFASSUNG!$C$6:$C$3005,$B$3)) | D43: =IF($A43="","",SUMIFS(ERFASSUNG!$F$6:$F$3005,ERFASSUNG!$D$6:$D$3005,$A43,ERFASSUNG!$C$6:$C$3005,$B$3)) | E43: =IF($A43="","",SUMIFS(ERFASSUNG!$G$6:$G$3005,ERFASSUNG!$D$6:$D$3005,$A43,ERFASSUNG!$C$6:$C$3005,$B$3)) | F43: =IF($A43="","",SUMIFS(ERFASSUNG!$H$6:$H$3005,ERFASSUNG!$D$6:$D$3005,$A43,ERFASSUNG!$C$6:$C$3005,$B$3)) | G43: =IF($A43="","",SUMIFS(ERFASSUNG!$I$6:$I$3005,ERFASSUNG!$D$6:$D$3005,$A43,ERFASSUNG!$C$6:$C$3005,$B$3)) | H43: =IF($A43="","",SUMIFS(ERFASSUNG!$J$6:$J$3005,ERFASSUNG!$D$6:$D$3005,$A43,ERFASSUNG!$C$6:$C$3005,$B$3)) | I43: =IF($A43="","",SUMIFS(ERFASSUNG!$K$6:$K$3005,ERFASSUNG!$D$6:$D$3005,$A43,ERFASSUNG!$C$6:$C$3005,$B$3)) | J43: =IF($A43="","",SUMIFS(ERFASSUNG!$L$6:$L$3005,ERFASSUNG!$D$6:$D$3005,$A43,ERFASSUNG!$C$6:$C$3005,$B$3)) | K43: =IF($A43="","",SUMIFS(ERFASSUNG!$M$6:$M$3005,ERFASSUNG!$D$6:$D$3005,$A43,ERFASSUNG!$C$6:$C$3005,$B$3)) | L43: =IF($A43="","",SUMIFS(ERFASSUNG!$N$6:$N$3005,ERFASSUNG!$D$6:$D$3005,$A43,ERFASSUNG!$C$6:$C$3005,$B$3)) | M43: =IF(OR($A43="",N($G$51)=0),"",G43/$G$51)
A44: =IF(LISTEN!$A$25="","",LISTEN!$A$25) | B44: =IF($A44="","",COUNTIFS(ERFASSUNG!$D$6:$D$3005,$A44,ERFASSUNG!$C$6:$C$3005,$B$3)) | C44: =IF($A44="","",SUMIFS(ERFASSUNG!$E$6:$E$3005,ERFASSUNG!$D$6:$D$3005,$A44,ERFASSUNG!$C$6:$C$3005,$B$3)) | D44: =IF($A44="","",SUMIFS(ERFASSUNG!$F$6:$F$3005,ERFASSUNG!$D$6:$D$3005,$A44,ERFASSUNG!$C$6:$C$3005,$B$3)) | E44: =IF($A44="","",SUMIFS(ERFASSUNG!$G$6:$G$3005,ERFASSUNG!$D$6:$D$3005,$A44,ERFASSUNG!$C$6:$C$3005,$B$3)) | F44: =IF($A44="","",SUMIFS(ERFASSUNG!$H$6:$H$3005,ERFASSUNG!$D$6:$D$3005,$A44,ERFASSUNG!$C$6:$C$3005,$B$3)) | G44: =IF($A44="","",SUMIFS(ERFASSUNG!$I$6:$I$3005,ERFASSUNG!$D$6:$D$3005,$A44,ERFASSUNG!$C$6:$C$3005,$B$3)) | H44: =IF($A44="","",SUMIFS(ERFASSUNG!$J$6:$J$3005,ERFASSUNG!$D$6:$D$3005,$A44,ERFASSUNG!$C$6:$C$3005,$B$3)) | I44: =IF($A44="","",SUMIFS(ERFASSUNG!$K$6:$K$3005,ERFASSUNG!$D$6:$D$3005,$A44,ERFASSUNG!$C$6:$C$3005,$B$3)) | J44: =IF($A44="","",SUMIFS(ERFASSUNG!$L$6:$L$3005,ERFASSUNG!$D$6:$D$3005,$A44,ERFASSUNG!$C$6:$C$3005,$B$3)) | K44: =IF($A44="","",SUMIFS(ERFASSUNG!$M$6:$M$3005,ERFASSUNG!$D$6:$D$3005,$A44,ERFASSUNG!$C$6:$C$3005,$B$3)) | L44: =IF($A44="","",SUMIFS(ERFASSUNG!$N$6:$N$3005,ERFASSUNG!$D$6:$D$3005,$A44,ERFASSUNG!$C$6:$C$3005,$B$3)) | M44: =IF(OR($A44="",N($G$51)=0),"",G44/$G$51)
A45: =IF(LISTEN!$A$26="","",LISTEN!$A$26) | B45: =IF($A45="","",COUNTIFS(ERFASSUNG!$D$6:$D$3005,$A45,ERFASSUNG!$C$6:$C$3005,$B$3)) | C45: =IF($A45="","",SUMIFS(ERFASSUNG!$E$6:$E$3005,ERFASSUNG!$D$6:$D$3005,$A45,ERFASSUNG!$C$6:$C$3005,$B$3)) | D45: =IF($A45="","",SUMIFS(ERFASSUNG!$F$6:$F$3005,ERFASSUNG!$D$6:$D$3005,$A45,ERFASSUNG!$C$6:$C$3005,$B$3)) | E45: =IF($A45="","",SUMIFS(ERFASSUNG!$G$6:$G$3005,ERFASSUNG!$D$6:$D$3005,$A45,ERFASSUNG!$C$6:$C$3005,$B$3)) | F45: =IF($A45="","",SUMIFS(ERFASSUNG!$H$6:$H$3005,ERFASSUNG!$D$6:$D$3005,$A45,ERFASSUNG!$C$6:$C$3005,$B$3)) | G45: =IF($A45="","",SUMIFS(ERFASSUNG!$I$6:$I$3005,ERFASSUNG!$D$6:$D$3005,$A45,ERFASSUNG!$C$6:$C$3005,$B$3)) | H45: =IF($A45="","",SUMIFS(ERFASSUNG!$J$6:$J$3005,ERFASSUNG!$D$6:$D$3005,$A45,ERFASSUNG!$C$6:$C$3005,$B$3)) | I45: =IF($A45="","",SUMIFS(ERFASSUNG!$K$6:$K$3005,ERFASSUNG!$D$6:$D$3005,$A45,ERFASSUNG!$C$6:$C$3005,$B$3)) | J45: =IF($A45="","",SUMIFS(ERFASSUNG!$L$6:$L$3005,ERFASSUNG!$D$6:$D$3005,$A45,ERFASSUNG!$C$6:$C$3005,$B$3)) | K45: =IF($A45="","",SUMIFS(ERFASSUNG!$M$6:$M$3005,ERFASSUNG!$D$6:$D$3005,$A45,ERFASSUNG!$C$6:$C$3005,$B$3)) | L45: =IF($A45="","",SUMIFS(ERFASSUNG!$N$6:$N$3005,ERFASSUNG!$D$6:$D$3005,$A45,ERFASSUNG!$C$6:$C$3005,$B$3)) | M45: =IF(OR($A45="",N($G$51)=0),"",G45/$G$51)
A46: =IF(LISTEN!$A$27="","",LISTEN!$A$27) | B46: =IF($A46="","",COUNTIFS(ERFASSUNG!$D$6:$D$3005,$A46,ERFASSUNG!$C$6:$C$3005,$B$3)) | C46: =IF($A46="","",SUMIFS(ERFASSUNG!$E$6:$E$3005,ERFASSUNG!$D$6:$D$3005,$A46,ERFASSUNG!$C$6:$C$3005,$B$3)) | D46: =IF($A46="","",SUMIFS(ERFASSUNG!$F$6:$F$3005,ERFASSUNG!$D$6:$D$3005,$A46,ERFASSUNG!$C$6:$C$3005,$B$3)) | E46: =IF($A46="","",SUMIFS(ERFASSUNG!$G$6:$G$3005,ERFASSUNG!$D$6:$D$3005,$A46,ERFASSUNG!$C$6:$C$3005,$B$3)) | F46: =IF($A46="","",SUMIFS(ERFASSUNG!$H$6:$H$3005,ERFASSUNG!$D$6:$D$3005,$A46,ERFASSUNG!$C$6:$C$3005,$B$3)) | G46: =IF($A46="","",SUMIFS(ERFASSUNG!$I$6:$I$3005,ERFASSUNG!$D$6:$D$3005,$A46,ERFASSUNG!$C$6:$C$3005,$B$3)) | H46: =IF($A46="","",SUMIFS(ERFASSUNG!$J$6:$J$3005,ERFASSUNG!$D$6:$D$3005,$A46,ERFASSUNG!$C$6:$C$3005,$B$3)) | I46: =IF($A46="","",SUMIFS(ERFASSUNG!$K$6:$K$3005,ERFASSUNG!$D$6:$D$3005,$A46,ERFASSUNG!$C$6:$C$3005,$B$3)) | J46: =IF($A46="","",SUMIFS(ERFASSUNG!$L$6:$L$3005,ERFASSUNG!$D$6:$D$3005,$A46,ERFASSUNG!$C$6:$C$3005,$B$3)) | K46: =IF($A46="","",SUMIFS(ERFASSUNG!$M$6:$M$3005,ERFASSUNG!$D$6:$D$3005,$A46,ERFASSUNG!$C$6:$C$3005,$B$3)) | L46: =IF($A46="","",SUMIFS(ERFASSUNG!$N$6:$N$3005,ERFASSUNG!$D$6:$D$3005,$A46,ERFASSUNG!$C$6:$C$3005,$B$3)) | M46: =IF(OR($A46="",N($G$51)=0),"",G46/$G$51)
A47: =IF(LISTEN!$A$28="","",LISTEN!$A$28) | B47: =IF($A47="","",COUNTIFS(ERFASSUNG!$D$6:$D$3005,$A47,ERFASSUNG!$C$6:$C$3005,$B$3)) | C47: =IF($A47="","",SUMIFS(ERFASSUNG!$E$6:$E$3005,ERFASSUNG!$D$6:$D$3005,$A47,ERFASSUNG!$C$6:$C$3005,$B$3)) | D47: =IF($A47="","",SUMIFS(ERFASSUNG!$F$6:$F$3005,ERFASSUNG!$D$6:$D$3005,$A47,ERFASSUNG!$C$6:$C$3005,$B$3)) | E47: =IF($A47="","",SUMIFS(ERFASSUNG!$G$6:$G$3005,ERFASSUNG!$D$6:$D$3005,$A47,ERFASSUNG!$C$6:$C$3005,$B$3)) | F47: =IF($A47="","",SUMIFS(ERFASSUNG!$H$6:$H$3005,ERFASSUNG!$D$6:$D$3005,$A47,ERFASSUNG!$C$6:$C$3005,$B$3)) | G47: =IF($A47="","",SUMIFS(ERFASSUNG!$I$6:$I$3005,ERFASSUNG!$D$6:$D$3005,$A47,ERFASSUNG!$C$6:$C$3005,$B$3)) | H47: =IF($A47="","",SUMIFS(ERFASSUNG!$J$6:$J$3005,ERFASSUNG!$D$6:$D$3005,$A47,ERFASSUNG!$C$6:$C$3005,$B$3)) | I47: =IF($A47="","",SUMIFS(ERFASSUNG!$K$6:$K$3005,ERFASSUNG!$D$6:$D$3005,$A47,ERFASSUNG!$C$6:$C$3005,$B$3)) | J47: =IF($A47="","",SUMIFS(ERFASSUNG!$L$6:$L$3005,ERFASSUNG!$D$6:$D$3005,$A47,ERFASSUNG!$C$6:$C$3005,$B$3)) | K47: =IF($A47="","",SUMIFS(ERFASSUNG!$M$6:$M$3005,ERFASSUNG!$D$6:$D$3005,$A47,ERFASSUNG!$C$6:$C$3005,$B$3)) | L47: =IF($A47="","",SUMIFS(ERFASSUNG!$N$6:$N$3005,ERFASSUNG!$D$6:$D$3005,$A47,ERFASSUNG!$C$6:$C$3005,$B$3)) | M47: =IF(OR($A47="",N($G$51)=0),"",G47/$G$51)
A48: =IF(LISTEN!$A$29="","",LISTEN!$A$29) | B48: =IF($A48="","",COUNTIFS(ERFASSUNG!$D$6:$D$3005,$A48,ERFASSUNG!$C$6:$C$3005,$B$3)) | C48: =IF($A48="","",SUMIFS(ERFASSUNG!$E$6:$E$3005,ERFASSUNG!$D$6:$D$3005,$A48,ERFASSUNG!$C$6:$C$3005,$B$3)) | D48: =IF($A48="","",SUMIFS(ERFASSUNG!$F$6:$F$3005,ERFASSUNG!$D$6:$D$3005,$A48,ERFASSUNG!$C$6:$C$3005,$B$3)) | E48: =IF($A48="","",SUMIFS(ERFASSUNG!$G$6:$G$3005,ERFASSUNG!$D$6:$D$3005,$A48,ERFASSUNG!$C$6:$C$3005,$B$3)) | F48: =IF($A48="","",SUMIFS(ERFASSUNG!$H$6:$H$3005,ERFASSUNG!$D$6:$D$3005,$A48,ERFASSUNG!$C$6:$C$3005,$B$3)) | G48: =IF($A48="","",SUMIFS(ERFASSUNG!$I$6:$I$3005,ERFASSUNG!$D$6:$D$3005,$A48,ERFASSUNG!$C$6:$C$3005,$B$3)) | H48: =IF($A48="","",SUMIFS(ERFASSUNG!$J$6:$J$3005,ERFASSUNG!$D$6:$D$3005,$A48,ERFASSUNG!$C$6:$C$3005,$B$3)) | I48: =IF($A48="","",SUMIFS(ERFASSUNG!$K$6:$K$3005,ERFASSUNG!$D$6:$D$3005,$A48,ERFASSUNG!$C$6:$C$3005,$B$3)) | J48: =IF($A48="","",SUMIFS(ERFASSUNG!$L$6:$L$3005,ERFASSUNG!$D$6:$D$3005,$A48,ERFASSUNG!$C$6:$C$3005,$B$3)) | K48: =IF($A48="","",SUMIFS(ERFASSUNG!$M$6:$M$3005,ERFASSUNG!$D$6:$D$3005,$A48,ERFASSUNG!$C$6:$C$3005,$B$3)) | L48: =IF($A48="","",SUMIFS(ERFASSUNG!$N$6:$N$3005,ERFASSUNG!$D$6:$D$3005,$A48,ERFASSUNG!$C$6:$C$3005,$B$3)) | M48: =IF(OR($A48="",N($G$51)=0),"",G48/$G$51)
A49: =IF(LISTEN!$A$30="","",LISTEN!$A$30) | B49: =IF($A49="","",COUNTIFS(ERFASSUNG!$D$6:$D$3005,$A49,ERFASSUNG!$C$6:$C$3005,$B$3)) | C49: =IF($A49="","",SUMIFS(ERFASSUNG!$E$6:$E$3005,ERFASSUNG!$D$6:$D$3005,$A49,ERFASSUNG!$C$6:$C$3005,$B$3)) | D49: =IF($A49="","",SUMIFS(ERFASSUNG!$F$6:$F$3005,ERFASSUNG!$D$6:$D$3005,$A49,ERFASSUNG!$C$6:$C$3005,$B$3)) | E49: =IF($A49="","",SUMIFS(ERFASSUNG!$G$6:$G$3005,ERFASSUNG!$D$6:$D$3005,$A49,ERFASSUNG!$C$6:$C$3005,$B$3)) | F49: =IF($A49="","",SUMIFS(ERFASSUNG!$H$6:$H$3005,ERFASSUNG!$D$6:$D$3005,$A49,ERFASSUNG!$C$6:$C$3005,$B$3)) | G49: =IF($A49="","",SUMIFS(ERFASSUNG!$I$6:$I$3005,ERFASSUNG!$D$6:$D$3005,$A49,ERFASSUNG!$C$6:$C$3005,$B$3)) | H49: =IF($A49="","",SUMIFS(ERFASSUNG!$J$6:$J$3005,ERFASSUNG!$D$6:$D$3005,$A49,ERFASSUNG!$C$6:$C$3005,$B$3)) | I49: =IF($A49="","",SUMIFS(ERFASSUNG!$K$6:$K$3005,ERFASSUNG!$D$6:$D$3005,$A49,ERFASSUNG!$C$6:$C$3005,$B$3)) | J49: =IF($A49="","",SUMIFS(ERFASSUNG!$L$6:$L$3005,ERFASSUNG!$D$6:$D$3005,$A49,ERFASSUNG!$C$6:$C$3005,$B$3)) | K49: =IF($A49="","",SUMIFS(ERFASSUNG!$M$6:$M$3005,ERFASSUNG!$D$6:$D$3005,$A49,ERFASSUNG!$C$6:$C$3005,$B$3)) | L49: =IF($A49="","",SUMIFS(ERFASSUNG!$N$6:$N$3005,ERFASSUNG!$D$6:$D$3005,$A49,ERFASSUNG!$C$6:$C$3005,$B$3)) | M49: =IF(OR($A49="",N($G$51)=0),"",G49/$G$51)
A50: =IF(LISTEN!$A$31="","",LISTEN!$A$31) | B50: =IF($A50="","",COUNTIFS(ERFASSUNG!$D$6:$D$3005,$A50,ERFASSUNG!$C$6:$C$3005,$B$3)) | C50: =IF($A50="","",SUMIFS(ERFASSUNG!$E$6:$E$3005,ERFASSUNG!$D$6:$D$3005,$A50,ERFASSUNG!$C$6:$C$3005,$B$3)) | D50: =IF($A50="","",SUMIFS(ERFASSUNG!$F$6:$F$3005,ERFASSUNG!$D$6:$D$3005,$A50,ERFASSUNG!$C$6:$C$3005,$B$3)) | E50: =IF($A50="","",SUMIFS(ERFASSUNG!$G$6:$G$3005,ERFASSUNG!$D$6:$D$3005,$A50,ERFASSUNG!$C$6:$C$3005,$B$3)) | F50: =IF($A50="","",SUMIFS(ERFASSUNG!$H$6:$H$3005,ERFASSUNG!$D$6:$D$3005,$A50,ERFASSUNG!$C$6:$C$3005,$B$3)) | G50: =IF($A50="","",SUMIFS(ERFASSUNG!$I$6:$I$3005,ERFASSUNG!$D$6:$D$3005,$A50,ERFASSUNG!$C$6:$C$3005,$B$3)) | H50: =IF($A50="","",SUMIFS(ERFASSUNG!$J$6:$J$3005,ERFASSUNG!$D$6:$D$3005,$A50,ERFASSUNG!$C$6:$C$3005,$B$3)) | I50: =IF($A50="","",SUMIFS(ERFASSUNG!$K$6:$K$3005,ERFASSUNG!$D$6:$D$3005,$A50,ERFASSUNG!$C$6:$C$3005,$B$3)) | J50: =IF($A50="","",SUMIFS(ERFASSUNG!$L$6:$L$3005,ERFASSUNG!$D$6:$D$3005,$A50,ERFASSUNG!$C$6:$C$3005,$B$3)) | K50: =IF($A50="","",SUMIFS(ERFASSUNG!$M$6:$M$3005,ERFASSUNG!$D$6:$D$3005,$A50,ERFASSUNG!$C$6:$C$3005,$B$3)) | L50: =IF($A50="","",SUMIFS(ERFASSUNG!$N$6:$N$3005,ERFASSUNG!$D$6:$D$3005,$A50,ERFASSUNG!$C$6:$C$3005,$B$3)) | M50: =IF(OR($A50="",N($G$51)=0),"",G50/$G$51)
A51: SUMME | B51: =SUM(B21:B50) | C51: =SUM(C21:C50) | D51: =SUM(D21:D50) | E51: =SUM(E21:E50) | F51: =SUM(F21:F50) | G51: =SUM(G21:G50) | H51: =SUM(H21:H50) | I51: =SUM(I21:I50) | ... L51: =SUM(L21:L50)
A53: Team diese Woche | E53: Wichtiges der Woche (aus Spalte 'Wichtig / Vorkommnisse')
A54: Team | B54: Einsätze | C54: Stunden | E54: Datum | F54: Angebot | H54: Dienst | J54: Wichtig / Vorkommnisse
A55: =IF(LISTEN!$C$2="","",LISTEN!$C$2) | B55: =IF($A55="","",COUNTIFS(ERFASSUNG!$P$6:$P$3005,$A55,ERFASSUNG!$C$6:$C$3005,$B$3)+COUNTIFS(ERFASSUNG!$Q$6:$Q$3005,$A55,ERFASSUNG!$C$6:$C$3005,$B$3)+COUNTIFS(ERFASSUNG!$R$6:$R$3005,$A55,ERFASSUNG!$C$6:$C$3005,$B$3)) | C55: =IF($A55="","",SUMIFS(ERFASSUNG!$E$6:$E$3005,ERFASSUNG!$P$6:$P$3005,$A55,ERFASSUNG!$C$6:$C$3005,$B$3)+SUMIFS(ERFASSUNG!$E$6:$E$3005,ERFASSUNG!$Q$6:$Q$3005,$A55,ERFASSUNG!$C$6:$C$3005,$B$3)+SUMIFS(ERFASSUNG!$E$6:$E$3005,ERFASSUNG!$R$6:$R$3005,$A55,ERFASSUNG!$C$6:$C$3005,$B$3)) | E55: =IF($AY55="","",INDEX(ERFASSUNG!$A$6:$A$3005,$AY55)) | F55: =IF($AY55="","",INDEX(ERFASSUNG!$D$6:$D$3005,$AY55)) | H55: =IF($AY55="","",INDEX(ERFASSUNG!$P$6:$P$3005,$AY55)) | J55: =IF($AY55="","",INDEX(ERFASSUNG!$T$6:$T$3005,$AY55)) | AY55: =IFERROR(MATCH(1,ERFASSUNG!$W$6:$W$3005,0),"")
A56: =IF(LISTEN!$C$3="","",LISTEN!$C$3) | B56: =IF($A56="","",COUNTIFS(ERFASSUNG!$P$6:$P$3005,$A56,ERFASSUNG!$C$6:$C$3005,$B$3)+COUNTIFS(ERFASSUNG!$Q$6:$Q$3005,$A56,ERFASSUNG!$C$6:$C$3005,$B$3)+COUNTIFS(ERFASSUNG!$R$6:$R$3005,$A56,ERFASSUNG!$C$6:$C$3005,$B$3)) | C56: =IF($A56="","",SUMIFS(ERFASSUNG!$E$6:$E$3005,ERFASSUNG!$P$6:$P$3005,$A56,ERFASSUNG!$C$6:$C$3005,$B$3)+SUMIFS(ERFASSUNG!$E$6:$E$3005,ERFASSUNG!$Q$6:$Q$3005,$A56,ERFASSUNG!$C$6:$C$3005,$B$3)+SUMIFS(ERFASSUNG!$E$6:$E$3005,ERFASSUNG!$R$6:$R$3005,$A56,ERFASSUNG!$C$6:$C$3005,$B$3)) | E56: =IF($AY56="","",INDEX(ERFASSUNG!$A$6:$A$3005,$AY56)) | F56: =IF($AY56="","",INDEX(ERFASSUNG!$D$6:$D$3005,$AY56)) | H56: =IF($AY56="","",INDEX(ERFASSUNG!$P$6:$P$3005,$AY56)) | J56: =IF($AY56="","",INDEX(ERFASSUNG!$T$6:$T$3005,$AY56)) | AY56: =IFERROR(MATCH(2,ERFASSUNG!$W$6:$W$3005,0),"")
A57: =IF(LISTEN!$C$4="","",LISTEN!$C$4) | B57: =IF($A57="","",COUNTIFS(ERFASSUNG!$P$6:$P$3005,$A57,ERFASSUNG!$C$6:$C$3005,$B$3)+COUNTIFS(ERFASSUNG!$Q$6:$Q$3005,$A57,ERFASSUNG!$C$6:$C$3005,$B$3)+COUNTIFS(ERFASSUNG!$R$6:$R$3005,$A57,ERFASSUNG!$C$6:$C$3005,$B$3)) | C57: =IF($A57="","",SUMIFS(ERFASSUNG!$E$6:$E$3005,ERFASSUNG!$P$6:$P$3005,$A57,ERFASSUNG!$C$6:$C$3005,$B$3)+SUMIFS(ERFASSUNG!$E$6:$E$3005,ERFASSUNG!$Q$6:$Q$3005,$A57,ERFASSUNG!$C$6:$C$3005,$B$3)+SUMIFS(ERFASSUNG!$E$6:$E$3005,ERFASSUNG!$R$6:$R$3005,$A57,ERFASSUNG!$C$6:$C$3005,$B$3)) | E57: =IF($AY57="","",INDEX(ERFASSUNG!$A$6:$A$3005,$AY57)) | F57: =IF($AY57="","",INDEX(ERFASSUNG!$D$6:$D$3005,$AY57)) | H57: =IF($AY57="","",INDEX(ERFASSUNG!$P$6:$P$3005,$AY57)) | J57: =IF($AY57="","",INDEX(ERFASSUNG!$T$6:$T$3005,$AY57)) | AY57: =IFERROR(MATCH(3,ERFASSUNG!$W$6:$W$3005,0),"")
A58: =IF(LISTEN!$C$5="","",LISTEN!$C$5) | B58: =IF($A58="","",COUNTIFS(ERFASSUNG!$P$6:$P$3005,$A58,ERFASSUNG!$C$6:$C$3005,$B$3)+COUNTIFS(ERFASSUNG!$Q$6:$Q$3005,$A58,ERFASSUNG!$C$6:$C$3005,$B$3)+COUNTIFS(ERFASSUNG!$R$6:$R$3005,$A58,ERFASSUNG!$C$6:$C$3005,$B$3)) | C58: =IF($A58="","",SUMIFS(ERFASSUNG!$E$6:$E$3005,ERFASSUNG!$P$6:$P$3005,$A58,ERFASSUNG!$C$6:$C$3005,$B$3)+SUMIFS(ERFASSUNG!$E$6:$E$3005,ERFASSUNG!$Q$6:$Q$3005,$A58,ERFASSUNG!$C$6:$C$3005,$B$3)+SUMIFS(ERFASSUNG!$E$6:$E$3005,ERFASSUNG!$R$6:$R$3005,$A58,ERFASSUNG!$C$6:$C$3005,$B$3)) | E58: =IF($AY58="","",INDEX(ERFASSUNG!$A$6:$A$3005,$AY58)) | F58: =IF($AY58="","",INDEX(ERFASSUNG!$D$6:$D$3005,$AY58)) | H58: =IF($AY58="","",INDEX(ERFASSUNG!$P$6:$P$3005,$AY58)) | J58: =IF($AY58="","",INDEX(ERFASSUNG!$T$6:$T$3005,$AY58)) | AY58: =IFERROR(MATCH(4,ERFASSUNG!$W$6:$W$3005,0),"")
A59: =IF(LISTEN!$C$6="","",LISTEN!$C$6) | B59: =IF($A59="","",COUNTIFS(ERFASSUNG!$P$6:$P$3005,$A59,ERFASSUNG!$C$6:$C$3005,$B$3)+COUNTIFS(ERFASSUNG!$Q$6:$Q$3005,$A59,ERFASSUNG!$C$6:$C$3005,$B$3)+COUNTIFS(ERFASSUNG!$R$6:$R$3005,$A59,ERFASSUNG!$C$6:$C$3005,$B$3)) | C59: =IF($A59="","",SUMIFS(ERFASSUNG!$E$6:$E$3005,ERFASSUNG!$P$6:$P$3005,$A59,ERFASSUNG!$C$6:$C$3005,$B$3)+SUMIFS(ERFASSUNG!$E$6:$E$3005,ERFASSUNG!$Q$6:$Q$3005,$A59,ERFASSUNG!$C$6:$C$3005,$B$3)+SUMIFS(ERFASSUNG!$E$6:$E$3005,ERFASSUNG!$R$6:$R$3005,$A59,ERFASSUNG!$C$6:$C$3005,$B$3)) | E59: =IF($AY59="","",INDEX(ERFASSUNG!$A$6:$A$3005,$AY59)) | F59: =IF($AY59="","",INDEX(ERFASSUNG!$D$6:$D$3005,$AY59)) | H59: =IF($AY59="","",INDEX(ERFASSUNG!$P$6:$P$3005,$AY59)) | J59: =IF($AY59="","",INDEX(ERFASSUNG!$T$6:$T$3005,$AY59)) | AY59: =IFERROR(MATCH(5,ERFASSUNG!$W$6:$W$3005,0),"")
A60: =IF(LISTEN!$C$7="","",LISTEN!$C$7) | B60: =IF($A60="","",COUNTIFS(ERFASSUNG!$P$6:$P$3005,$A60,ERFASSUNG!$C$6:$C$3005,$B$3)+COUNTIFS(ERFASSUNG!$Q$6:$Q$3005,$A60,ERFASSUNG!$C$6:$C$3005,$B$3)+COUNTIFS(ERFASSUNG!$R$6:$R$3005,$A60,ERFASSUNG!$C$6:$C$3005,$B$3)) | C60: =IF($A60="","",SUMIFS(ERFASSUNG!$E$6:$E$3005,ERFASSUNG!$P$6:$P$3005,$A60,ERFASSUNG!$C$6:$C$3005,$B$3)+SUMIFS(ERFASSUNG!$E$6:$E$3005,ERFASSUNG!$Q$6:$Q$3005,$A60,ERFASSUNG!$C$6:$C$3005,$B$3)+SUMIFS(ERFASSUNG!$E$6:$E$3005,ERFASSUNG!$R$6:$R$3005,$A60,ERFASSUNG!$C$6:$C$3005,$B$3)) | E60: =IF($AY60="","",INDEX(ERFASSUNG!$A$6:$A$3005,$AY60)) | F60: =IF($AY60="","",INDEX(ERFASSUNG!$D$6:$D$3005,$AY60)) | H60: =IF($AY60="","",INDEX(ERFASSUNG!$P$6:$P$3005,$AY60)) | J60: =IF($AY60="","",INDEX(ERFASSUNG!$T$6:$T$3005,$AY60)) | AY60: =IFERROR(MATCH(6,ERFASSUNG!$W$6:$W$3005,0),"")
A61: =IF(LISTEN!$C$8="","",LISTEN!$C$8) | B61: =IF($A61="","",COUNTIFS(ERFASSUNG!$P$6:$P$3005,$A61,ERFASSUNG!$C$6:$C$3005,$B$3)+COUNTIFS(ERFASSUNG!$Q$6:$Q$3005,$A61,ERFASSUNG!$C$6:$C$3005,$B$3)+COUNTIFS(ERFASSUNG!$R$6:$R$3005,$A61,ERFASSUNG!$C$6:$C$3005,$B$3)) | C61: =IF($A61="","",SUMIFS(ERFASSUNG!$E$6:$E$3005,ERFASSUNG!$P$6:$P$3005,$A61,ERFASSUNG!$C$6:$C$3005,$B$3)+SUMIFS(ERFASSUNG!$E$6:$E$3005,ERFASSUNG!$Q$6:$Q$3005,$A61,ERFASSUNG!$C$6:$C$3005,$B$3)+SUMIFS(ERFASSUNG!$E$6:$E$3005,ERFASSUNG!$R$6:$R$3005,$A61,ERFASSUNG!$C$6:$C$3005,$B$3)) | E61: =IF($AY61="","",INDEX(ERFASSUNG!$A$6:$A$3005,$AY61)) | F61: =IF($AY61="","",INDEX(ERFASSUNG!$D$6:$D$3005,$AY61)) | H61: =IF($AY61="","",INDEX(ERFASSUNG!$P$6:$P$3005,$AY61)) | J61: =IF($AY61="","",INDEX(ERFASSUNG!$T$6:$T$3005,$AY61)) | AY61: =IFERROR(MATCH(7,ERFASSUNG!$W$6:$W$3005,0),"")
A62: =IF(LISTEN!$C$9="","",LISTEN!$C$9) | B62: =IF($A62="","",COUNTIFS(ERFASSUNG!$P$6:$P$3005,$A62,ERFASSUNG!$C$6:$C$3005,$B$3)+COUNTIFS(ERFASSUNG!$Q$6:$Q$3005,$A62,ERFASSUNG!$C$6:$C$3005,$B$3)+COUNTIFS(ERFASSUNG!$R$6:$R$3005,$A62,ERFASSUNG!$C$6:$C$3005,$B$3)) | C62: =IF($A62="","",SUMIFS(ERFASSUNG!$E$6:$E$3005,ERFASSUNG!$P$6:$P$3005,$A62,ERFASSUNG!$C$6:$C$3005,$B$3)+SUMIFS(ERFASSUNG!$E$6:$E$3005,ERFASSUNG!$Q$6:$Q$3005,$A62,ERFASSUNG!$C$6:$C$3005,$B$3)+SUMIFS(ERFASSUNG!$E$6:$E$3005,ERFASSUNG!$R$6:$R$3005,$A62,ERFASSUNG!$C$6:$C$3005,$B$3)) | E62: =IF($AY62="","",INDEX(ERFASSUNG!$A$6:$A$3005,$AY62)) | F62: =IF($AY62="","",INDEX(ERFASSUNG!$D$6:$D$3005,$AY62)) | H62: =IF($AY62="","",INDEX(ERFASSUNG!$P$6:$P$3005,$AY62)) | J62: =IF($AY62="","",INDEX(ERFASSUNG!$T$6:$T$3005,$AY62)) | AY62: =IFERROR(MATCH(8,ERFASSUNG!$W$6:$W$3005,0),"")
A63: =IF(LISTEN!$C$10="","",LISTEN!$C$10) | B63: =IF($A63="","",COUNTIFS(ERFASSUNG!$P$6:$P$3005,$A63,ERFASSUNG!$C$6:$C$3005,$B$3)+COUNTIFS(ERFASSUNG!$Q$6:$Q$3005,$A63,ERFASSUNG!$C$6:$C$3005,$B$3)+COUNTIFS(ERFASSUNG!$R$6:$R$3005,$A63,ERFASSUNG!$C$6:$C$3005,$B$3)) | C63: =IF($A63="","",SUMIFS(ERFASSUNG!$E$6:$E$3005,ERFASSUNG!$P$6:$P$3005,$A63,ERFASSUNG!$C$6:$C$3005,$B$3)+SUMIFS(ERFASSUNG!$E$6:$E$3005,ERFASSUNG!$Q$6:$Q$3005,$A63,ERFASSUNG!$C$6:$C$3005,$B$3)+SUMIFS(ERFASSUNG!$E$6:$E$3005,ERFASSUNG!$R$6:$R$3005,$A63,ERFASSUNG!$C$6:$C$3005,$B$3)) | E63: =IF($AY63="","",INDEX(ERFASSUNG!$A$6:$A$3005,$AY63)) | F63: =IF($AY63="","",INDEX(ERFASSUNG!$D$6:$D$3005,$AY63)) | H63: =IF($AY63="","",INDEX(ERFASSUNG!$P$6:$P$3005,$AY63)) | J63: =IF($AY63="","",INDEX(ERFASSUNG!$T$6:$T$3005,$AY63)) | AY63: =IFERROR(MATCH(9,ERFASSUNG!$W$6:$W$3005,0),"")
A64: =IF(LISTEN!$C$11="","",LISTEN!$C$11) | B64: =IF($A64="","",COUNTIFS(ERFASSUNG!$P$6:$P$3005,$A64,ERFASSUNG!$C$6:$C$3005,$B$3)+COUNTIFS(ERFASSUNG!$Q$6:$Q$3005,$A64,ERFASSUNG!$C$6:$C$3005,$B$3)+COUNTIFS(ERFASSUNG!$R$6:$R$3005,$A64,ERFASSUNG!$C$6:$C$3005,$B$3)) | C64: =IF($A64="","",SUMIFS(ERFASSUNG!$E$6:$E$3005,ERFASSUNG!$P$6:$P$3005,$A64,ERFASSUNG!$C$6:$C$3005,$B$3)+SUMIFS(ERFASSUNG!$E$6:$E$3005,ERFASSUNG!$Q$6:$Q$3005,$A64,ERFASSUNG!$C$6:$C$3005,$B$3)+SUMIFS(ERFASSUNG!$E$6:$E$3005,ERFASSUNG!$R$6:$R$3005,$A64,ERFASSUNG!$C$6:$C$3005,$B$3)) | E64: =IF($AY64="","",INDEX(ERFASSUNG!$A$6:$A$3005,$AY64)) | F64: =IF($AY64="","",INDEX(ERFASSUNG!$D$6:$D$3005,$AY64)) | H64: =IF($AY64="","",INDEX(ERFASSUNG!$P$6:$P$3005,$AY64)) | J64: =IF($AY64="","",INDEX(ERFASSUNG!$T$6:$T$3005,$AY64)) | AY64: =IFERROR(MATCH(10,ERFASSUNG!$W$6:$W$3005,0),"")
A65: =IF(LISTEN!$C$12="","",LISTEN!$C$12) | B65: =IF($A65="","",COUNTIFS(ERFASSUNG!$P$6:$P$3005,$A65,ERFASSUNG!$C$6:$C$3005,$B$3)+COUNTIFS(ERFASSUNG!$Q$6:$Q$3005,$A65,ERFASSUNG!$C$6:$C$3005,$B$3)+COUNTIFS(ERFASSUNG!$R$6:$R$3005,$A65,ERFASSUNG!$C$6:$C$3005,$B$3)) | C65: =IF($A65="","",SUMIFS(ERFASSUNG!$E$6:$E$3005,ERFASSUNG!$P$6:$P$3005,$A65,ERFASSUNG!$C$6:$C$3005,$B$3)+SUMIFS(ERFASSUNG!$E$6:$E$3005,ERFASSUNG!$Q$6:$Q$3005,$A65,ERFASSUNG!$C$6:$C$3005,$B$3)+SUMIFS(ERFASSUNG!$E$6:$E$3005,ERFASSUNG!$R$6:$R$3005,$A65,ERFASSUNG!$C$6:$C$3005,$B$3)) | E65: =IF($AY65="","",INDEX(ERFASSUNG!$A$6:$A$3005,$AY65)) | F65: =IF($AY65="","",INDEX(ERFASSUNG!$D$6:$D$3005,$AY65)) | H65: =IF($AY65="","",INDEX(ERFASSUNG!$P$6:$P$3005,$AY65)) | J65: =IF($AY65="","",INDEX(ERFASSUNG!$T$6:$T$3005,$AY65)) | AY65: =IFERROR(MATCH(11,ERFASSUNG!$W$6:$W$3005,0),"")
A66: =IF(LISTEN!$C$13="","",LISTEN!$C$13) | B66: =IF($A66="","",COUNTIFS(ERFASSUNG!$P$6:$P$3005,$A66,ERFASSUNG!$C$6:$C$3005,$B$3)+COUNTIFS(ERFASSUNG!$Q$6:$Q$3005,$A66,ERFASSUNG!$C$6:$C$3005,$B$3)+COUNTIFS(ERFASSUNG!$R$6:$R$3005,$A66,ERFASSUNG!$C$6:$C$3005,$B$3)) | C66: =IF($A66="","",SUMIFS(ERFASSUNG!$E$6:$E$3005,ERFASSUNG!$P$6:$P$3005,$A66,ERFASSUNG!$C$6:$C$3005,$B$3)+SUMIFS(ERFASSUNG!$E$6:$E$3005,ERFASSUNG!$Q$6:$Q$3005,$A66,ERFASSUNG!$C$6:$C$3005,$B$3)+SUMIFS(ERFASSUNG!$E$6:$E$3005,ERFASSUNG!$R$6:$R$3005,$A66,ERFASSUNG!$C$6:$C$3005,$B$3)) | E66: =IF($AY66="","",INDEX(ERFASSUNG!$A$6:$A$3005,$AY66)) | F66: =IF($AY66="","",INDEX(ERFASSUNG!$D$6:$D$3005,$AY66)) | H66: =IF($AY66="","",INDEX(ERFASSUNG!$P$6:$P$3005,$AY66)) | J66: =IF($AY66="","",INDEX(ERFASSUNG!$T$6:$T$3005,$AY66)) | AY66: =IFERROR(MATCH(12,ERFASSUNG!$W$6:$W$3005,0),"")
A67: =IF(LISTEN!$C$14="","",LISTEN!$C$14) | B67: =IF($A67="","",COUNTIFS(ERFASSUNG!$P$6:$P$3005,$A67,ERFASSUNG!$C$6:$C$3005,$B$3)+COUNTIFS(ERFASSUNG!$Q$6:$Q$3005,$A67,ERFASSUNG!$C$6:$C$3005,$B$3)+COUNTIFS(ERFASSUNG!$R$6:$R$3005,$A67,ERFASSUNG!$C$6:$C$3005,$B$3)) | C67: =IF($A67="","",SUMIFS(ERFASSUNG!$E$6:$E$3005,ERFASSUNG!$P$6:$P$3005,$A67,ERFASSUNG!$C$6:$C$3005,$B$3)+SUMIFS(ERFASSUNG!$E$6:$E$3005,ERFASSUNG!$Q$6:$Q$3005,$A67,ERFASSUNG!$C$6:$C$3005,$B$3)+SUMIFS(ERFASSUNG!$E$6:$E$3005,ERFASSUNG!$R$6:$R$3005,$A67,ERFASSUNG!$C$6:$C$3005,$B$3)) | E67: =IF($AY67="","",INDEX(ERFASSUNG!$A$6:$A$3005,$AY67)) | F67: =IF($AY67="","",INDEX(ERFASSUNG!$D$6:$D$3005,$AY67)) | H67: =IF($AY67="","",INDEX(ERFASSUNG!$P$6:$P$3005,$AY67)) | J67: =IF($AY67="","",INDEX(ERFASSUNG!$T$6:$T$3005,$AY67)) | AY67: =IFERROR(MATCH(13,ERFASSUNG!$W$6:$W$3005,0),"")
A68: =IF(LISTEN!$C$15="","",LISTEN!$C$15) | B68: =IF($A68="","",COUNTIFS(ERFASSUNG!$P$6:$P$3005,$A68,ERFASSUNG!$C$6:$C$3005,$B$3)+COUNTIFS(ERFASSUNG!$Q$6:$Q$3005,$A68,ERFASSUNG!$C$6:$C$3005,$B$3)+COUNTIFS(ERFASSUNG!$R$6:$R$3005,$A68,ERFASSUNG!$C$6:$C$3005,$B$3)) | C68: =IF($A68="","",SUMIFS(ERFASSUNG!$E$6:$E$3005,ERFASSUNG!$P$6:$P$3005,$A68,ERFASSUNG!$C$6:$C$3005,$B$3)+SUMIFS(ERFASSUNG!$E$6:$E$3005,ERFASSUNG!$Q$6:$Q$3005,$A68,ERFASSUNG!$C$6:$C$3005,$B$3)+SUMIFS(ERFASSUNG!$E$6:$E$3005,ERFASSUNG!$R$6:$R$3005,$A68,ERFASSUNG!$C$6:$C$3005,$B$3)) | E68: =IF($AY68="","",INDEX(ERFASSUNG!$A$6:$A$3005,$AY68)) | F68: =IF($AY68="","",INDEX(ERFASSUNG!$D$6:$D$3005,$AY68)) | H68: =IF($AY68="","",INDEX(ERFASSUNG!$P$6:$P$3005,$AY68)) | J68: =IF($AY68="","",INDEX(ERFASSUNG!$T$6:$T$3005,$AY68)) | AY68: =IFERROR(MATCH(14,ERFASSUNG!$W$6:$W$3005,0),"")
A69: =IF(LISTEN!$C$16="","",LISTEN!$C$16) | B69: =IF($A69="","",COUNTIFS(ERFASSUNG!$P$6:$P$3005,$A69,ERFASSUNG!$C$6:$C$3005,$B$3)+COUNTIFS(ERFASSUNG!$Q$6:$Q$3005,$A69,ERFASSUNG!$C$6:$C$3005,$B$3)+COUNTIFS(ERFASSUNG!$R$6:$R$3005,$A69,ERFASSUNG!$C$6:$C$3005,$B$3)) | C69: =IF($A69="","",SUMIFS(ERFASSUNG!$E$6:$E$3005,ERFASSUNG!$P$6:$P$3005,$A69,ERFASSUNG!$C$6:$C$3005,$B$3)+SUMIFS(ERFASSUNG!$E$6:$E$3005,ERFASSUNG!$Q$6:$Q$3005,$A69,ERFASSUNG!$C$6:$C$3005,$B$3)+SUMIFS(ERFASSUNG!$E$6:$E$3005,ERFASSUNG!$R$6:$R$3005,$A69,ERFASSUNG!$C$6:$C$3005,$B$3)) | E69: =IF($AY69="","",INDEX(ERFASSUNG!$A$6:$A$3005,$AY69)) | F69: =IF($AY69="","",INDEX(ERFASSUNG!$D$6:$D$3005,$AY69)) | H69: =IF($AY69="","",INDEX(ERFASSUNG!$P$6:$P$3005,$AY69)) | J69: =IF($AY69="","",INDEX(ERFASSUNG!$T$6:$T$3005,$AY69)) | AY69: =IFERROR(MATCH(15,ERFASSUNG!$W$6:$W$3005,0),"")
A70: =IF(LISTEN!$C$17="","",LISTEN!$C$17) | B70: =IF($A70="","",COUNTIFS(ERFASSUNG!$P$6:$P$3005,$A70,ERFASSUNG!$C$6:$C$3005,$B$3)+COUNTIFS(ERFASSUNG!$Q$6:$Q$3005,$A70,ERFASSUNG!$C$6:$C$3005,$B$3)+COUNTIFS(ERFASSUNG!$R$6:$R$3005,$A70,ERFASSUNG!$C$6:$C$3005,$B$3)) | C70: =IF($A70="","",SUMIFS(ERFASSUNG!$E$6:$E$3005,ERFASSUNG!$P$6:$P$3005,$A70,ERFASSUNG!$C$6:$C$3005,$B$3)+SUMIFS(ERFASSUNG!$E$6:$E$3005,ERFASSUNG!$Q$6:$Q$3005,$A70,ERFASSUNG!$C$6:$C$3005,$B$3)+SUMIFS(ERFASSUNG!$E$6:$E$3005,ERFASSUNG!$R$6:$R$3005,$A70,ERFASSUNG!$C$6:$C$3005,$B$3)) | E70: =IF($AY70="","",INDEX(ERFASSUNG!$A$6:$A$3005,$AY70)) | F70: =IF($AY70="","",INDEX(ERFASSUNG!$D$6:$D$3005,$AY70)) | H70: =IF($AY70="","",INDEX(ERFASSUNG!$P$6:$P$3005,$AY70)) | J70: =IF($AY70="","",INDEX(ERFASSUNG!$T$6:$T$3005,$AY70)) | AY70: =IFERROR(MATCH(16,ERFASSUNG!$W$6:$W$3005,0),"")
A71: =IF(LISTEN!$C$18="","",LISTEN!$C$18) | B71: =IF($A71="","",COUNTIFS(ERFASSUNG!$P$6:$P$3005,$A71,ERFASSUNG!$C$6:$C$3005,$B$3)+COUNTIFS(ERFASSUNG!$Q$6:$Q$3005,$A71,ERFASSUNG!$C$6:$C$3005,$B$3)+COUNTIFS(ERFASSUNG!$R$6:$R$3005,$A71,ERFASSUNG!$C$6:$C$3005,$B$3)) | C71: =IF($A71="","",SUMIFS(ERFASSUNG!$E$6:$E$3005,ERFASSUNG!$P$6:$P$3005,$A71,ERFASSUNG!$C$6:$C$3005,$B$3)+SUMIFS(ERFASSUNG!$E$6:$E$3005,ERFASSUNG!$Q$6:$Q$3005,$A71,ERFASSUNG!$C$6:$C$3005,$B$3)+SUMIFS(ERFASSUNG!$E$6:$E$3005,ERFASSUNG!$R$6:$R$3005,$A71,ERFASSUNG!$C$6:$C$3005,$B$3)) | E71: =IF($AY71="","",INDEX(ERFASSUNG!$A$6:$A$3005,$AY71)) | F71: =IF($AY71="","",INDEX(ERFASSUNG!$D$6:$D$3005,$AY71)) | H71: =IF($AY71="","",INDEX(ERFASSUNG!$P$6:$P$3005,$AY71)) | J71: =IF($AY71="","",INDEX(ERFASSUNG!$T$6:$T$3005,$AY71)) | AY71: =IFERROR(MATCH(17,ERFASSUNG!$W$6:$W$3005,0),"")
A72: =IF(LISTEN!$C$19="","",LISTEN!$C$19) | B72: =IF($A72="","",COUNTIFS(ERFASSUNG!$P$6:$P$3005,$A72,ERFASSUNG!$C$6:$C$3005,$B$3)+COUNTIFS(ERFASSUNG!$Q$6:$Q$3005,$A72,ERFASSUNG!$C$6:$C$3005,$B$3)+COUNTIFS(ERFASSUNG!$R$6:$R$3005,$A72,ERFASSUNG!$C$6:$C$3005,$B$3)) | C72: =IF($A72="","",SUMIFS(ERFASSUNG!$E$6:$E$3005,ERFASSUNG!$P$6:$P$3005,$A72,ERFASSUNG!$C$6:$C$3005,$B$3)+SUMIFS(ERFASSUNG!$E$6:$E$3005,ERFASSUNG!$Q$6:$Q$3005,$A72,ERFASSUNG!$C$6:$C$3005,$B$3)+SUMIFS(ERFASSUNG!$E$6:$E$3005,ERFASSUNG!$R$6:$R$3005,$A72,ERFASSUNG!$C$6:$C$3005,$B$3)) | E72: =IF($AY72="","",INDEX(ERFASSUNG!$A$6:$A$3005,$AY72)) | F72: =IF($AY72="","",INDEX(ERFASSUNG!$D$6:$D$3005,$AY72)) | H72: =IF($AY72="","",INDEX(ERFASSUNG!$P$6:$P$3005,$AY72)) | J72: =IF($AY72="","",INDEX(ERFASSUNG!$T$6:$T$3005,$AY72)) | AY72: =IFERROR(MATCH(18,ERFASSUNG!$W$6:$W$3005,0),"")
A73: =IF(LISTEN!$C$20="","",LISTEN!$C$20) | B73: =IF($A73="","",COUNTIFS(ERFASSUNG!$P$6:$P$3005,$A73,ERFASSUNG!$C$6:$C$3005,$B$3)+COUNTIFS(ERFASSUNG!$Q$6:$Q$3005,$A73,ERFASSUNG!$C$6:$C$3005,$B$3)+COUNTIFS(ERFASSUNG!$R$6:$R$3005,$A73,ERFASSUNG!$C$6:$C$3005,$B$3)) | C73: =IF($A73="","",SUMIFS(ERFASSUNG!$E$6:$E$3005,ERFASSUNG!$P$6:$P$3005,$A73,ERFASSUNG!$C$6:$C$3005,$B$3)+SUMIFS(ERFASSUNG!$E$6:$E$3005,ERFASSUNG!$Q$6:$Q$3005,$A73,ERFASSUNG!$C$6:$C$3005,$B$3)+SUMIFS(ERFASSUNG!$E$6:$E$3005,ERFASSUNG!$R$6:$R$3005,$A73,ERFASSUNG!$C$6:$C$3005,$B$3)) | E73: =IF($AY73="","",INDEX(ERFASSUNG!$A$6:$A$3005,$AY73)) | F73: =IF($AY73="","",INDEX(ERFASSUNG!$D$6:$D$3005,$AY73)) | H73: =IF($AY73="","",INDEX(ERFASSUNG!$P$6:$P$3005,$AY73)) | J73: =IF($AY73="","",INDEX(ERFASSUNG!$T$6:$T$3005,$AY73)) | AY73: =IFERROR(MATCH(19,ERFASSUNG!$W$6:$W$3005,0),"")
A74: =IF(LISTEN!$C$21="","",LISTEN!$C$21) | B74: =IF($A74="","",COUNTIFS(ERFASSUNG!$P$6:$P$3005,$A74,ERFASSUNG!$C$6:$C$3005,$B$3)+COUNTIFS(ERFASSUNG!$Q$6:$Q$3005,$A74,ERFASSUNG!$C$6:$C$3005,$B$3)+COUNTIFS(ERFASSUNG!$R$6:$R$3005,$A74,ERFASSUNG!$C$6:$C$3005,$B$3)) | C74: =IF($A74="","",SUMIFS(ERFASSUNG!$E$6:$E$3005,ERFASSUNG!$P$6:$P$3005,$A74,ERFASSUNG!$C$6:$C$3005,$B$3)+SUMIFS(ERFASSUNG!$E$6:$E$3005,ERFASSUNG!$Q$6:$Q$3005,$A74,ERFASSUNG!$C$6:$C$3005,$B$3)+SUMIFS(ERFASSUNG!$E$6:$E$3005,ERFASSUNG!$R$6:$R$3005,$A74,ERFASSUNG!$C$6:$C$3005,$B$3)) | E74: =IF($AY74="","",INDEX(ERFASSUNG!$A$6:$A$3005,$AY74)) | F74: =IF($AY74="","",INDEX(ERFASSUNG!$D$6:$D$3005,$AY74)) | H74: =IF($AY74="","",INDEX(ERFASSUNG!$P$6:$P$3005,$AY74)) | J74: =IF($AY74="","",INDEX(ERFASSUNG!$T$6:$T$3005,$AY74)) | AY74: =IFERROR(MATCH(20,ERFASSUNG!$W$6:$W$3005,0),"")
A75: =IF(LISTEN!$C$22="","",LISTEN!$C$22) | B75: =IF($A75="","",COUNTIFS(ERFASSUNG!$P$6:$P$3005,$A75,ERFASSUNG!$C$6:$C$3005,$B$3)+COUNTIFS(ERFASSUNG!$Q$6:$Q$3005,$A75,ERFASSUNG!$C$6:$C$3005,$B$3)+COUNTIFS(ERFASSUNG!$R$6:$R$3005,$A75,ERFASSUNG!$C$6:$C$3005,$B$3)) | C75: =IF($A75="","",SUMIFS(ERFASSUNG!$E$6:$E$3005,ERFASSUNG!$P$6:$P$3005,$A75,ERFASSUNG!$C$6:$C$3005,$B$3)+SUMIFS(ERFASSUNG!$E$6:$E$3005,ERFASSUNG!$Q$6:$Q$3005,$A75,ERFASSUNG!$C$6:$C$3005,$B$3)+SUMIFS(ERFASSUNG!$E$6:$E$3005,ERFASSUNG!$R$6:$R$3005,$A75,ERFASSUNG!$C$6:$C$3005,$B$3)) | E75: =IF($AY75="","",INDEX(ERFASSUNG!$A$6:$A$3005,$AY75)) | F75: =IF($AY75="","",INDEX(ERFASSUNG!$D$6:$D$3005,$AY75)) | H75: =IF($AY75="","",INDEX(ERFASSUNG!$P$6:$P$3005,$AY75)) | J75: =IF($AY75="","",INDEX(ERFASSUNG!$T$6:$T$3005,$AY75)) | AY75: =IFERROR(MATCH(21,ERFASSUNG!$W$6:$W$3005,0),"")
A76: =IF(LISTEN!$C$23="","",LISTEN!$C$23) | B76: =IF($A76="","",COUNTIFS(ERFASSUNG!$P$6:$P$3005,$A76,ERFASSUNG!$C$6:$C$3005,$B$3)+COUNTIFS(ERFASSUNG!$Q$6:$Q$3005,$A76,ERFASSUNG!$C$6:$C$3005,$B$3)+COUNTIFS(ERFASSUNG!$R$6:$R$3005,$A76,ERFASSUNG!$C$6:$C$3005,$B$3)) | C76: =IF($A76="","",SUMIFS(ERFASSUNG!$E$6:$E$3005,ERFASSUNG!$P$6:$P$3005,$A76,ERFASSUNG!$C$6:$C$3005,$B$3)+SUMIFS(ERFASSUNG!$E$6:$E$3005,ERFASSUNG!$Q$6:$Q$3005,$A76,ERFASSUNG!$C$6:$C$3005,$B$3)+SUMIFS(ERFASSUNG!$E$6:$E$3005,ERFASSUNG!$R$6:$R$3005,$A76,ERFASSUNG!$C$6:$C$3005,$B$3)) | E76: =IF($AY76="","",INDEX(ERFASSUNG!$A$6:$A$3005,$AY76)) | F76: =IF($AY76="","",INDEX(ERFASSUNG!$D$6:$D$3005,$AY76)) | H76: =IF($AY76="","",INDEX(ERFASSUNG!$P$6:$P$3005,$AY76)) | J76: =IF($AY76="","",INDEX(ERFASSUNG!$T$6:$T$3005,$AY76)) | AY76: =IFERROR(MATCH(22,ERFASSUNG!$W$6:$W$3005,0),"")
A77: =IF(LISTEN!$C$24="","",LISTEN!$C$24) | B77: =IF($A77="","",COUNTIFS(ERFASSUNG!$P$6:$P$3005,$A77,ERFASSUNG!$C$6:$C$3005,$B$3)+COUNTIFS(ERFASSUNG!$Q$6:$Q$3005,$A77,ERFASSUNG!$C$6:$C$3005,$B$3)+COUNTIFS(ERFASSUNG!$R$6:$R$3005,$A77,ERFASSUNG!$C$6:$C$3005,$B$3)) | C77: =IF($A77="","",SUMIFS(ERFASSUNG!$E$6:$E$3005,ERFASSUNG!$P$6:$P$3005,$A77,ERFASSUNG!$C$6:$C$3005,$B$3)+SUMIFS(ERFASSUNG!$E$6:$E$3005,ERFASSUNG!$Q$6:$Q$3005,$A77,ERFASSUNG!$C$6:$C$3005,$B$3)+SUMIFS(ERFASSUNG!$E$6:$E$3005,ERFASSUNG!$R$6:$R$3005,$A77,ERFASSUNG!$C$6:$C$3005,$B$3)) | E77: =IF($AY77="","",INDEX(ERFASSUNG!$A$6:$A$3005,$AY77)) | F77: =IF($AY77="","",INDEX(ERFASSUNG!$D$6:$D$3005,$AY77)) | H77: =IF($AY77="","",INDEX(ERFASSUNG!$P$6:$P$3005,$AY77)) | J77: =IF($AY77="","",INDEX(ERFASSUNG!$T$6:$T$3005,$AY77)) | AY77: =IFERROR(MATCH(23,ERFASSUNG!$W$6:$W$3005,0),"")
A78: =IF(LISTEN!$C$25="","",LISTEN!$C$25) | B78: =IF($A78="","",COUNTIFS(ERFASSUNG!$P$6:$P$3005,$A78,ERFASSUNG!$C$6:$C$3005,$B$3)+COUNTIFS(ERFASSUNG!$Q$6:$Q$3005,$A78,ERFASSUNG!$C$6:$C$3005,$B$3)+COUNTIFS(ERFASSUNG!$R$6:$R$3005,$A78,ERFASSUNG!$C$6:$C$3005,$B$3)) | C78: =IF($A78="","",SUMIFS(ERFASSUNG!$E$6:$E$3005,ERFASSUNG!$P$6:$P$3005,$A78,ERFASSUNG!$C$6:$C$3005,$B$3)+SUMIFS(ERFASSUNG!$E$6:$E$3005,ERFASSUNG!$Q$6:$Q$3005,$A78,ERFASSUNG!$C$6:$C$3005,$B$3)+SUMIFS(ERFASSUNG!$E$6:$E$3005,ERFASSUNG!$R$6:$R$3005,$A78,ERFASSUNG!$C$6:$C$3005,$B$3)) | E78: =IF($AY78="","",INDEX(ERFASSUNG!$A$6:$A$3005,$AY78)) | F78: =IF($AY78="","",INDEX(ERFASSUNG!$D$6:$D$3005,$AY78)) | H78: =IF($AY78="","",INDEX(ERFASSUNG!$P$6:$P$3005,$AY78)) | J78: =IF($AY78="","",INDEX(ERFASSUNG!$T$6:$T$3005,$AY78)) | AY78: =IFERROR(MATCH(24,ERFASSUNG!$W$6:$W$3005,0),"")
A79: =IF(LISTEN!$C$26="","",LISTEN!$C$26) | B79: =IF($A79="","",COUNTIFS(ERFASSUNG!$P$6:$P$3005,$A79,ERFASSUNG!$C$6:$C$3005,$B$3)+COUNTIFS(ERFASSUNG!$Q$6:$Q$3005,$A79,ERFASSUNG!$C$6:$C$3005,$B$3)+COUNTIFS(ERFASSUNG!$R$6:$R$3005,$A79,ERFASSUNG!$C$6:$C$3005,$B$3)) | C79: =IF($A79="","",SUMIFS(ERFASSUNG!$E$6:$E$3005,ERFASSUNG!$P$6:$P$3005,$A79,ERFASSUNG!$C$6:$C$3005,$B$3)+SUMIFS(ERFASSUNG!$E$6:$E$3005,ERFASSUNG!$Q$6:$Q$3005,$A79,ERFASSUNG!$C$6:$C$3005,$B$3)+SUMIFS(ERFASSUNG!$E$6:$E$3005,ERFASSUNG!$R$6:$R$3005,$A79,ERFASSUNG!$C$6:$C$3005,$B$3)) | E79: =IF($AY79="","",INDEX(ERFASSUNG!$A$6:$A$3005,$AY79)) | F79: =IF($AY79="","",INDEX(ERFASSUNG!$D$6:$D$3005,$AY79)) | H79: =IF($AY79="","",INDEX(ERFASSUNG!$P$6:$P$3005,$AY79)) | J79: =IF($AY79="","",INDEX(ERFASSUNG!$T$6:$T$3005,$AY79)) | AY79: =IFERROR(MATCH(25,ERFASSUNG!$W$6:$W$3005,0),"")
A80: =IF(LISTEN!$C$27="","",LISTEN!$C$27) | B80: =IF($A80="","",COUNTIFS(ERFASSUNG!$P$6:$P$3005,$A80,ERFASSUNG!$C$6:$C$3005,$B$3)+COUNTIFS(ERFASSUNG!$Q$6:$Q$3005,$A80,ERFASSUNG!$C$6:$C$3005,$B$3)+COUNTIFS(ERFASSUNG!$R$6:$R$3005,$A80,ERFASSUNG!$C$6:$C$3005,$B$3)) | C80: =IF($A80="","",SUMIFS(ERFASSUNG!$E$6:$E$3005,ERFASSUNG!$P$6:$P$3005,$A80,ERFASSUNG!$C$6:$C$3005,$B$3)+SUMIFS(ERFASSUNG!$E$6:$E$3005,ERFASSUNG!$Q$6:$Q$3005,$A80,ERFASSUNG!$C$6:$C$3005,$B$3)+SUMIFS(ERFASSUNG!$E$6:$E$3005,ERFASSUNG!$R$6:$R$3005,$A80,ERFASSUNG!$C$6:$C$3005,$B$3))
A81: =IF(LISTEN!$C$28="","",LISTEN!$C$28) | B81: =IF($A81="","",COUNTIFS(ERFASSUNG!$P$6:$P$3005,$A81,ERFASSUNG!$C$6:$C$3005,$B$3)+COUNTIFS(ERFASSUNG!$Q$6:$Q$3005,$A81,ERFASSUNG!$C$6:$C$3005,$B$3)+COUNTIFS(ERFASSUNG!$R$6:$R$3005,$A81,ERFASSUNG!$C$6:$C$3005,$B$3)) | C81: =IF($A81="","",SUMIFS(ERFASSUNG!$E$6:$E$3005,ERFASSUNG!$P$6:$P$3005,$A81,ERFASSUNG!$C$6:$C$3005,$B$3)+SUMIFS(ERFASSUNG!$E$6:$E$3005,ERFASSUNG!$Q$6:$Q$3005,$A81,ERFASSUNG!$C$6:$C$3005,$B$3)+SUMIFS(ERFASSUNG!$E$6:$E$3005,ERFASSUNG!$R$6:$R$3005,$A81,ERFASSUNG!$C$6:$C$3005,$B$3))
A82: =IF(LISTEN!$C$29="","",LISTEN!$C$29) | B82: =IF($A82="","",COUNTIFS(ERFASSUNG!$P$6:$P$3005,$A82,ERFASSUNG!$C$6:$C$3005,$B$3)+COUNTIFS(ERFASSUNG!$Q$6:$Q$3005,$A82,ERFASSUNG!$C$6:$C$3005,$B$3)+COUNTIFS(ERFASSUNG!$R$6:$R$3005,$A82,ERFASSUNG!$C$6:$C$3005,$B$3)) | C82: =IF($A82="","",SUMIFS(ERFASSUNG!$E$6:$E$3005,ERFASSUNG!$P$6:$P$3005,$A82,ERFASSUNG!$C$6:$C$3005,$B$3)+SUMIFS(ERFASSUNG!$E$6:$E$3005,ERFASSUNG!$Q$6:$Q$3005,$A82,ERFASSUNG!$C$6:$C$3005,$B$3)+SUMIFS(ERFASSUNG!$E$6:$E$3005,ERFASSUNG!$R$6:$R$3005,$A82,ERFASSUNG!$C$6:$C$3005,$B$3))
A83: =IF(LISTEN!$C$30="","",LISTEN!$C$30) | B83: =IF($A83="","",COUNTIFS(ERFASSUNG!$P$6:$P$3005,$A83,ERFASSUNG!$C$6:$C$3005,$B$3)+COUNTIFS(ERFASSUNG!$Q$6:$Q$3005,$A83,ERFASSUNG!$C$6:$C$3005,$B$3)+COUNTIFS(ERFASSUNG!$R$6:$R$3005,$A83,ERFASSUNG!$C$6:$C$3005,$B$3)) | C83: =IF($A83="","",SUMIFS(ERFASSUNG!$E$6:$E$3005,ERFASSUNG!$P$6:$P$3005,$A83,ERFASSUNG!$C$6:$C$3005,$B$3)+SUMIFS(ERFASSUNG!$E$6:$E$3005,ERFASSUNG!$Q$6:$Q$3005,$A83,ERFASSUNG!$C$6:$C$3005,$B$3)+SUMIFS(ERFASSUNG!$E$6:$E$3005,ERFASSUNG!$R$6:$R$3005,$A83,ERFASSUNG!$C$6:$C$3005,$B$3))
A84: =IF(LISTEN!$C$31="","",LISTEN!$C$31) | B84: =IF($A84="","",COUNTIFS(ERFASSUNG!$P$6:$P$3005,$A84,ERFASSUNG!$C$6:$C$3005,$B$3)+COUNTIFS(ERFASSUNG!$Q$6:$Q$3005,$A84,ERFASSUNG!$C$6:$C$3005,$B$3)+COUNTIFS(ERFASSUNG!$R$6:$R$3005,$A84,ERFASSUNG!$C$6:$C$3005,$B$3)) | C84: =IF($A84="","",SUMIFS(ERFASSUNG!$E$6:$E$3005,ERFASSUNG!$P$6:$P$3005,$A84,ERFASSUNG!$C$6:$C$3005,$B$3)+SUMIFS(ERFASSUNG!$E$6:$E$3005,ERFASSUNG!$Q$6:$Q$3005,$A84,ERFASSUNG!$C$6:$C$3005,$B$3)+SUMIFS(ERFASSUNG!$E$6:$E$3005,ERFASSUNG!$R$6:$R$3005,$A84,ERFASSUNG!$C$6:$C$3005,$B$3))

Sheet MONAT
A1: ="Monatsübersicht "&LISTEN!$F$3
A2: Monat in der gelben Zelle auswählen – alles andere rechnet automatisch.
A3: Monat: | B3: September | D3: von | E3: =DATE(LISTEN!$F$2,$AZ$3,1) | G3: bis | H3: =DATE(LISTEN!$F$2,$AZ$3+1,0) | AZ3: =IFERROR(MATCH($B$3,LISTEN!$H$2:$H$13,0),1)
A5: Öffnungstage | C5: Einträge (Angebote) | E5: Kontakte gesamt | G5: Ø Kontakte pro Öffnungstag | I5: Stunden | K5: weiblich | M5: divers | O5: männlich
A6: =SUMIFS(KALENDER!$G$5:$G$370,KALENDER!$D$5:$D$370,$AZ$3) | C6: =SUMIFS(KALENDER!$F$5:$F$370,KALENDER!$D$5:$D$370,$AZ$3) | E6: =($B$10+$C$10+$D$10) | G6: =IF(N(SUMIFS(KALENDER!$G$5:$G$370,KALENDER!$D$5:$D$370,$AZ$3))=0,0,($B$10+$C$10+$D$10)/SUMIFS(KALENDER!$G$5:$G$370,KALENDER!$D$5:$D$370,$AZ$3)) | I6: =SUMIFS(KALENDER!$H$5:$H$370,KALENDER!$D$5:$D$370,$AZ$3) | K6: =IF(($B$10+$C$10+$D$10)=0,0,$B$10/($B$10+$C$10+$D$10)) | M6: =IF(($B$10+$C$10+$D$10)=0,0,$C$10/($B$10+$C$10+$D$10)) | O6: =IF(($B$10+$C$10+$D$10)=0,0,$D$10/($B$10+$C$10+$D$10))
A8: Geschlecht & Alter
A9: Merkmal | B9: weiblich | C9: divers | D9: männlich | E9: unter 10 | F9: ab 10 | G9: ab 14 | H9: ab 16 | I9: ab 18
A10: Anzahl | B10: =SUMIFS(KALENDER!$I$5:$I$370,KALENDER!$D$5:$D$370,$AZ$3) | C10: =SUMIFS(KALENDER!$J$5:$J$370,KALENDER!$D$5:$D$370,$AZ$3) | D10: =SUMIFS(KALENDER!$K$5:$K$370,KALENDER!$D$5:$D$370,$AZ$3) | E10: =SUMIFS(KALENDER!$M$5:$M$370,KALENDER!$D$5:$D$370,$AZ$3) | F10: =SUMIFS(KALENDER!$N$5:$N$370,KALENDER!$D$5:$D$370,$AZ$3) | G10: =SUMIFS(KALENDER!$O$5:$O$370,KALENDER!$D$5:$D$370,$AZ$3) | H10: =SUMIFS(KALENDER!$P$5:$P$370,KALENDER!$D$5:$D$370,$AZ$3) | I10: =SUMIFS(KALENDER!$Q$5:$Q$370,KALENDER!$D$5:$D$370,$AZ$3)
A11: Anteil | B11: =IF(SUM($B$10:$D$10)=0,0,B10/SUM($B$10:$D$10)) | C11: =IF(SUM($B$10:$D$10)=0,0,C10/SUM($B$10:$D$10)) | D11: =IF(SUM($B$10:$D$10)=0,0,D10/SUM($B$10:$D$10)) | E11: =IF(SUM($E$10:$I$10)=0,0,E10/SUM($E$10:$I$10)) | F11: =IF(SUM($E$10:$I$10)=0,0,F10/SUM($E$10:$I$10)) | G11: =IF(SUM($E$10:$I$10)=0,0,G10/SUM($E$10:$I$10)) | H11: =IF(SUM($E$10:$I$10)=0,0,H10/SUM($E$10:$I$10)) | I11: =IF(SUM($E$10:$I$10)=0,0,I10/SUM($E$10:$I$10))
A13: Angebote im Monat
A14: Angebot | B14: Einträge | C14: Stunden | D14: w | E14: d | F14: m | G14: gesamt | H14: unter 10 | I14: ab 10 | J14: ab 14 | K14: ab 16 | L14: ab 18 | M14: Anteil
A15: =IF(LISTEN!$A$2="","",LISTEN!$A$2) | B15: =IF($A15="","",COUNTIFS(ERFASSUNG!$D$6:$D$3005,$A15,ERFASSUNG!$V$6:$V$3005,$AZ$3)) | C15: =IF($A15="","",SUMIFS(ERFASSUNG!$E$6:$E$3005,ERFASSUNG!$D$6:$D$3005,$A15,ERFASSUNG!$V$6:$V$3005,$AZ$3)) | D15: =IF($A15="","",SUMIFS(ERFASSUNG!$F$6:$F$3005,ERFASSUNG!$D$6:$D$3005,$A15,ERFASSUNG!$V$6:$V$3005,$AZ$3)) | E15: =IF($A15="","",SUMIFS(ERFASSUNG!$G$6:$G$3005,ERFASSUNG!$D$6:$D$3005,$A15,ERFASSUNG!$V$6:$V$3005,$AZ$3)) | F15: =IF($A15="","",SUMIFS(ERFASSUNG!$H$6:$H$3005,ERFASSUNG!$D$6:$D$3005,$A15,ERFASSUNG!$V$6:$V$3005,$AZ$3)) | G15: =IF($A15="","",SUMIFS(ERFASSUNG!$I$6:$I$3005,ERFASSUNG!$D$6:$D$3005,$A15,ERFASSUNG!$V$6:$V$3005,$AZ$3)) | H15: =IF($A15="","",SUMIFS(ERFASSUNG!$J$6:$J$3005,ERFASSUNG!$D$6:$D$3005,$A15,ERFASSUNG!$V$6:$V$3005,$AZ$3)) | I15: =IF($A15="","",SUMIFS(ERFASSUNG!$K$6:$K$3005,ERFASSUNG!$D$6:$D$3005,$A15,ERFASSUNG!$V$6:$V$3005,$AZ$3)) | J15: =IF($A15="","",SUMIFS(ERFASSUNG!$L$6:$L$3005,ERFASSUNG!$D$6:$D$3005,$A15,ERFASSUNG!$V$6:$V$3005,$AZ$3)) | K15: =IF($A15="","",SUMIFS(ERFASSUNG!$M$6:$M$3005,ERFASSUNG!$D$6:$D$3005,$A15,ERFASSUNG!$V$6:$V$3005,$AZ$3)) | L15: =IF($A15="","",SUMIFS(ERFASSUNG!$N$6:$N$3005,ERFASSUNG!$D$6:$D$3005,$A15,ERFASSUNG!$V$6:$V$3005,$AZ$3)) | M15: =IF(OR($A15="",N($G$45)=0),"",G15/$G$45)
A16: =IF(LISTEN!$A$3="","",LISTEN!$A$3) | B16: =IF($A16="","",COUNTIFS(ERFASSUNG!$D$6:$D$3005,$A16,ERFASSUNG!$V$6:$V$3005,$AZ$3)) | C16: =IF($A16="","",SUMIFS(ERFASSUNG!$E$6:$E$3005,ERFASSUNG!$D$6:$D$3005,$A16,ERFASSUNG!$V$6:$V$3005,$AZ$3)) | D16: =IF($A16="","",SUMIFS(ERFASSUNG!$F$6:$F$3005,ERFASSUNG!$D$6:$D$3005,$A16,ERFASSUNG!$V$6:$V$3005,$AZ$3)) | E16: =IF($A16="","",SUMIFS(ERFASSUNG!$G$6:$G$3005,ERFASSUNG!$D$6:$D$3005,$A16,ERFASSUNG!$V$6:$V$3005,$AZ$3)) | F16: =IF($A16="","",SUMIFS(ERFASSUNG!$H$6:$H$3005,ERFASSUNG!$D$6:$D$3005,$A16,ERFASSUNG!$V$6:$V$3005,$AZ$3)) | G16: =IF($A16="","",SUMIFS(ERFASSUNG!$I$6:$I$3005,ERFASSUNG!$D$6:$D$3005,$A16,ERFASSUNG!$V$6:$V$3005,$AZ$3)) | H16: =IF($A16="","",SUMIFS(ERFASSUNG!$J$6:$J$3005,ERFASSUNG!$D$6:$D$3005,$A16,ERFASSUNG!$V$6:$V$3005,$AZ$3)) | I16: =IF($A16="","",SUMIFS(ERFASSUNG!$K$6:$K$3005,ERFASSUNG!$D$6:$D$3005,$A16,ERFASSUNG!$V$6:$V$3005,$AZ$3)) | J16: =IF($A16="","",SUMIFS(ERFASSUNG!$L$6:$L$3005,ERFASSUNG!$D$6:$D$3005,$A16,ERFASSUNG!$V$6:$V$3005,$AZ$3)) | K16: =IF($A16="","",SUMIFS(ERFASSUNG!$M$6:$M$3005,ERFASSUNG!$D$6:$D$3005,$A16,ERFASSUNG!$V$6:$V$3005,$AZ$3)) | L16: =IF($A16="","",SUMIFS(ERFASSUNG!$N$6:$N$3005,ERFASSUNG!$D$6:$D$3005,$A16,ERFASSUNG!$V$6:$V$3005,$AZ$3)) | M16: =IF(OR($A16="",N($G$45)=0),"",G16/$G$45)
A17: =IF(LISTEN!$A$4="","",LISTEN!$A$4) | B17: =IF($A17="","",COUNTIFS(ERFASSUNG!$D$6:$D$3005,$A17,ERFASSUNG!$V$6:$V$3005,$AZ$3)) | C17: =IF($A17="","",SUMIFS(ERFASSUNG!$E$6:$E$3005,ERFASSUNG!$D$6:$D$3005,$A17,ERFASSUNG!$V$6:$V$3005,$AZ$3)) | D17: =IF($A17="","",SUMIFS(ERFASSUNG!$F$6:$F$3005,ERFASSUNG!$D$6:$D$3005,$A17,ERFASSUNG!$V$6:$V$3005,$AZ$3)) | E17: =IF($A17="","",SUMIFS(ERFASSUNG!$G$6:$G$3005,ERFASSUNG!$D$6:$D$3005,$A17,ERFASSUNG!$V$6:$V$3005,$AZ$3)) | F17: =IF($A17="","",SUMIFS(ERFASSUNG!$H$6:$H$3005,ERFASSUNG!$D$6:$D$3005,$A17,ERFASSUNG!$V$6:$V$3005,$AZ$3)) | G17: =IF($A17="","",SUMIFS(ERFASSUNG!$I$6:$I$3005,ERFASSUNG!$D$6:$D$3005,$A17,ERFASSUNG!$V$6:$V$3005,$AZ$3)) | H17: =IF($A17="","",SUMIFS(ERFASSUNG!$J$6:$J$3005,ERFASSUNG!$D$6:$D$3005,$A17,ERFASSUNG!$V$6:$V$3005,$AZ$3)) | I17: =IF($A17="","",SUMIFS(ERFASSUNG!$K$6:$K$3005,ERFASSUNG!$D$6:$D$3005,$A17,ERFASSUNG!$V$6:$V$3005,$AZ$3)) | J17: =IF($A17="","",SUMIFS(ERFASSUNG!$L$6:$L$3005,ERFASSUNG!$D$6:$D$3005,$A17,ERFASSUNG!$V$6:$V$3005,$AZ$3)) | K17: =IF($A17="","",SUMIFS(ERFASSUNG!$M$6:$M$3005,ERFASSUNG!$D$6:$D$3005,$A17,ERFASSUNG!$V$6:$V$3005,$AZ$3)) | L17: =IF($A17="","",SUMIFS(ERFASSUNG!$N$6:$N$3005,ERFASSUNG!$D$6:$D$3005,$A17,ERFASSUNG!$V$6:$V$3005,$AZ$3)) | M17: =IF(OR($A17="",N($G$45)=0),"",G17/$G$45)
A18: =IF(LISTEN!$A$5="","",LISTEN!$A$5) | B18: =IF($A18="","",COUNTIFS(ERFASSUNG!$D$6:$D$3005,$A18,ERFASSUNG!$V$6:$V$3005,$AZ$3)) | C18: =IF($A18="","",SUMIFS(ERFASSUNG!$E$6:$E$3005,ERFASSUNG!$D$6:$D$3005,$A18,ERFASSUNG!$V$6:$V$3005,$AZ$3)) | D18: =IF($A18="","",SUMIFS(ERFASSUNG!$F$6:$F$3005,ERFASSUNG!$D$6:$D$3005,$A18,ERFASSUNG!$V$6:$V$3005,$AZ$3)) | E18: =IF($A18="","",SUMIFS(ERFASSUNG!$G$6:$G$3005,ERFASSUNG!$D$6:$D$3005,$A18,ERFASSUNG!$V$6:$V$3005,$AZ$3)) | F18: =IF($A18="","",SUMIFS(ERFASSUNG!$H$6:$H$3005,ERFASSUNG!$D$6:$D$3005,$A18,ERFASSUNG!$V$6:$V$3005,$AZ$3)) | G18: =IF($A18="","",SUMIFS(ERFASSUNG!$I$6:$I$3005,ERFASSUNG!$D$6:$D$3005,$A18,ERFASSUNG!$V$6:$V$3005,$AZ$3)) | H18: =IF($A18="","",SUMIFS(ERFASSUNG!$J$6:$J$3005,ERFASSUNG!$D$6:$D$3005,$A18,ERFASSUNG!$V$6:$V$3005,$AZ$3)) | I18: =IF($A18="","",SUMIFS(ERFASSUNG!$K$6:$K$3005,ERFASSUNG!$D$6:$D$3005,$A18,ERFASSUNG!$V$6:$V$3005,$AZ$3)) | J18: =IF($A18="","",SUMIFS(ERFASSUNG!$L$6:$L$3005,ERFASSUNG!$D$6:$D$3005,$A18,ERFASSUNG!$V$6:$V$3005,$AZ$3)) | K18: =IF($A18="","",SUMIFS(ERFASSUNG!$M$6:$M$3005,ERFASSUNG!$D$6:$D$3005,$A18,ERFASSUNG!$V$6:$V$3005,$AZ$3)) | L18: =IF($A18="","",SUMIFS(ERFASSUNG!$N$6:$N$3005,ERFASSUNG!$D$6:$D$3005,$A18,ERFASSUNG!$V$6:$V$3005,$AZ$3)) | M18: =IF(OR($A18="",N($G$45)=0),"",G18/$G$45)
A19: =IF(LISTEN!$A$6="","",LISTEN!$A$6) | B19: =IF($A19="","",COUNTIFS(ERFASSUNG!$D$6:$D$3005,$A19,ERFASSUNG!$V$6:$V$3005,$AZ$3)) | C19: =IF($A19="","",SUMIFS(ERFASSUNG!$E$6:$E$3005,ERFASSUNG!$D$6:$D$3005,$A19,ERFASSUNG!$V$6:$V$3005,$AZ$3)) | D19: =IF($A19="","",SUMIFS(ERFASSUNG!$F$6:$F$3005,ERFASSUNG!$D$6:$D$3005,$A19,ERFASSUNG!$V$6:$V$3005,$AZ$3)) | E19: =IF($A19="","",SUMIFS(ERFASSUNG!$G$6:$G$3005,ERFASSUNG!$D$6:$D$3005,$A19,ERFASSUNG!$V$6:$V$3005,$AZ$3)) | F19: =IF($A19="","",SUMIFS(ERFASSUNG!$H$6:$H$3005,ERFASSUNG!$D$6:$D$3005,$A19,ERFASSUNG!$V$6:$V$3005,$AZ$3)) | G19: =IF($A19="","",SUMIFS(ERFASSUNG!$I$6:$I$3005,ERFASSUNG!$D$6:$D$3005,$A19,ERFASSUNG!$V$6:$V$3005,$AZ$3)) | H19: =IF($A19="","",SUMIFS(ERFASSUNG!$J$6:$J$3005,ERFASSUNG!$D$6:$D$3005,$A19,ERFASSUNG!$V$6:$V$3005,$AZ$3)) | I19: =IF($A19="","",SUMIFS(ERFASSUNG!$K$6:$K$3005,ERFASSUNG!$D$6:$D$3005,$A19,ERFASSUNG!$V$6:$V$3005,$AZ$3)) | J19: =IF($A19="","",SUMIFS(ERFASSUNG!$L$6:$L$3005,ERFASSUNG!$D$6:$D$3005,$A19,ERFASSUNG!$V$6:$V$3005,$AZ$3)) | K19: =IF($A19="","",SUMIFS(ERFASSUNG!$M$6:$M$3005,ERFASSUNG!$D$6:$D$3005,$A19,ERFASSUNG!$V$6:$V$3005,$AZ$3)) | L19: =IF($A19="","",SUMIFS(ERFASSUNG!$N$6:$N$3005,ERFASSUNG!$D$6:$D$3005,$A19,ERFASSUNG!$V$6:$V$3005,$AZ$3)) | M19: =IF(OR($A19="",N($G$45)=0),"",G19/$G$45)
A20: =IF(LISTEN!$A$7="","",LISTEN!$A$7) | B20: =IF($A20="","",COUNTIFS(ERFASSUNG!$D$6:$D$3005,$A20,ERFASSUNG!$V$6:$V$3005,$AZ$3)) | C20: =IF($A20="","",SUMIFS(ERFASSUNG!$E$6:$E$3005,ERFASSUNG!$D$6:$D$3005,$A20,ERFASSUNG!$V$6:$V$3005,$AZ$3)) | D20: =IF($A20="","",SUMIFS(ERFASSUNG!$F$6:$F$3005,ERFASSUNG!$D$6:$D$3005,$A20,ERFASSUNG!$V$6:$V$3005,$AZ$3)) | E20: =IF($A20="","",SUMIFS(ERFASSUNG!$G$6:$G$3005,ERFASSUNG!$D$6:$D$3005,$A20,ERFASSUNG!$V$6:$V$3005,$AZ$3)) | F20: =IF($A20="","",SUMIFS(ERFASSUNG!$H$6:$H$3005,ERFASSUNG!$D$6:$D$3005,$A20,ERFASSUNG!$V$6:$V$3005,$AZ$3)) | G20: =IF($A20="","",SUMIFS(ERFASSUNG!$I$6:$I$3005,ERFASSUNG!$D$6:$D$3005,$A20,ERFASSUNG!$V$6:$V$3005,$AZ$3)) | H20: =IF($A20="","",SUMIFS(ERFASSUNG!$J$6:$J$3005,ERFASSUNG!$D$6:$D$3005,$A20,ERFASSUNG!$V$6:$V$3005,$AZ$3)) | I20: =IF($A20="","",SUMIFS(ERFASSUNG!$K$6:$K$3005,ERFASSUNG!$D$6:$D$3005,$A20,ERFASSUNG!$V$6:$V$3005,$AZ$3)) | J20: =IF($A20="","",SUMIFS(ERFASSUNG!$L$6:$L$3005,ERFASSUNG!$D$6:$D$3005,$A20,ERFASSUNG!$V$6:$V$3005,$AZ$3)) | K20: =IF($A20="","",SUMIFS(ERFASSUNG!$M$6:$M$3005,ERFASSUNG!$D$6:$D$3005,$A20,ERFASSUNG!$V$6:$V$3005,$AZ$3)) | L20: =IF($A20="","",SUMIFS(ERFASSUNG!$N$6:$N$3005,ERFASSUNG!$D$6:$D$3005,$A20,ERFASSUNG!$V$6:$V$3005,$AZ$3)) | M20: =IF(OR($A20="",N($G$45)=0),"",G20/$G$45)
A21: =IF(LISTEN!$A$8="","",LISTEN!$A$8) | B21: =IF($A21="","",COUNTIFS(ERFASSUNG!$D$6:$D$3005,$A21,ERFASSUNG!$V$6:$V$3005,$AZ$3)) | C21: =IF($A21="","",SUMIFS(ERFASSUNG!$E$6:$E$3005,ERFASSUNG!$D$6:$D$3005,$A21,ERFASSUNG!$V$6:$V$3005,$AZ$3)) | D21: =IF($A21="","",SUMIFS(ERFASSUNG!$F$6:$F$3005,ERFASSUNG!$D$6:$D$3005,$A21,ERFASSUNG!$V$6:$V$3005,$AZ$3)) | E21: =IF($A21="","",SUMIFS(ERFASSUNG!$G$6:$G$3005,ERFASSUNG!$D$6:$D$3005,$A21,ERFASSUNG!$V$6:$V$3005,$AZ$3)) | F21: =IF($A21="","",SUMIFS(ERFASSUNG!$H$6:$H$3005,ERFASSUNG!$D$6:$D$3005,$A21,ERFASSUNG!$V$6:$V$3005,$AZ$3)) | G21: =IF($A21="","",SUMIFS(ERFASSUNG!$I$6:$I$3005,ERFASSUNG!$D$6:$D$3005,$A21,ERFASSUNG!$V$6:$V$3005,$AZ$3)) | H21: =IF($A21="","",SUMIFS(ERFASSUNG!$J$6:$J$3005,ERFASSUNG!$D$6:$D$3005,$A21,ERFASSUNG!$V$6:$V$3005,$AZ$3)) | I21: =IF($A21="","",SUMIFS(ERFASSUNG!$K$6:$K$3005,ERFASSUNG!$D$6:$D$3005,$A21,ERFASSUNG!$V$6:$V$3005,$AZ$3)) | J21: =IF($A21="","",SUMIFS(ERFASSUNG!$L$6:$L$3005,ERFASSUNG!$D$6:$D$3005,$A21,ERFASSUNG!$V$6:$V$3005,$AZ$3)) | K21: =IF($A21="","",SUMIFS(ERFASSUNG!$M$6:$M$3005,ERFASSUNG!$D$6:$D$3005,$A21,ERFASSUNG!$V$6:$V$3005,$AZ$3)) | L21: =IF($A21="","",SUMIFS(ERFASSUNG!$N$6:$N$3005,ERFASSUNG!$D$6:$D$3005,$A21,ERFASSUNG!$V$6:$V$3005,$AZ$3)) | M21: =IF(OR($A21="",N($G$45)=0),"",G21/$G$45)
A22: =IF(LISTEN!$A$9="","",LISTEN!$A$9) | B22: =IF($A22="","",COUNTIFS(ERFASSUNG!$D$6:$D$3005,$A22,ERFASSUNG!$V$6:$V$3005,$AZ$3)) | C22: =IF($A22="","",SUMIFS(ERFASSUNG!$E$6:$E$3005,ERFASSUNG!$D$6:$D$3005,$A22,ERFASSUNG!$V$6:$V$3005,$AZ$3)) | D22: =IF($A22="","",SUMIFS(ERFASSUNG!$F$6:$F$3005,ERFASSUNG!$D$6:$D$3005,$A22,ERFASSUNG!$V$6:$V$3005,$AZ$3)) | E22: =IF($A22="","",SUMIFS(ERFASSUNG!$G$6:$G$3005,ERFASSUNG!$D$6:$D$3005,$A22,ERFASSUNG!$V$6:$V$3005,$AZ$3)) | F22: =IF($A22="","",SUMIFS(ERFASSUNG!$H$6:$H$3005,ERFASSUNG!$D$6:$D$3005,$A22,ERFASSUNG!$V$6:$V$3005,$AZ$3)) | G22: =IF($A22="","",SUMIFS(ERFASSUNG!$I$6:$I$3005,ERFASSUNG!$D$6:$D$3005,$A22,ERFASSUNG!$V$6:$V$3005,$AZ$3)) | H22: =IF($A22="","",SUMIFS(ERFASSUNG!$J$6:$J$3005,ERFASSUNG!$D$6:$D$3005,$A22,ERFASSUNG!$V$6:$V$3005,$AZ$3)) | I22: =IF($A22="","",SUMIFS(ERFASSUNG!$K$6:$K$3005,ERFASSUNG!$D$6:$D$3005,$A22,ERFASSUNG!$V$6:$V$3005,$AZ$3)) | J22: =IF($A22="","",SUMIFS(ERFASSUNG!$L$6:$L$3005,ERFASSUNG!$D$6:$D$3005,$A22,ERFASSUNG!$V$6:$V$3005,$AZ$3)) | K22: =IF($A22="","",SUMIFS(ERFASSUNG!$M$6:$M$3005,ERFASSUNG!$D$6:$D$3005,$A22,ERFASSUNG!$V$6:$V$3005,$AZ$3)) | L22: =IF($A22="","",SUMIFS(ERFASSUNG!$N$6:$N$3005,ERFASSUNG!$D$6:$D$3005,$A22,ERFASSUNG!$V$6:$V$3005,$AZ$3)) | M22: =IF(OR($A22="",N($G$45)=0),"",G22/$G$45)
A23: =IF(LISTEN!$A$10="","",LISTEN!$A$10) | B23: =IF($A23="","",COUNTIFS(ERFASSUNG!$D$6:$D$3005,$A23,ERFASSUNG!$V$6:$V$3005,$AZ$3)) | C23: =IF($A23="","",SUMIFS(ERFASSUNG!$E$6:$E$3005,ERFASSUNG!$D$6:$D$3005,$A23,ERFASSUNG!$V$6:$V$3005,$AZ$3)) | D23: =IF($A23="","",SUMIFS(ERFASSUNG!$F$6:$F$3005,ERFASSUNG!$D$6:$D$3005,$A23,ERFASSUNG!$V$6:$V$3005,$AZ$3)) | E23: =IF($A23="","",SUMIFS(ERFASSUNG!$G$6:$G$3005,ERFASSUNG!$D$6:$D$3005,$A23,ERFASSUNG!$V$6:$V$3005,$AZ$3)) | F23: =IF($A23="","",SUMIFS(ERFASSUNG!$H$6:$H$3005,ERFASSUNG!$D$6:$D$3005,$A23,ERFASSUNG!$V$6:$V$3005,$AZ$3)) | G23: =IF($A23="","",SUMIFS(ERFASSUNG!$I$6:$I$3005,ERFASSUNG!$D$6:$D$3005,$A23,ERFASSUNG!$V$6:$V$3005,$AZ$3)) | H23: =IF($A23="","",SUMIFS(ERFASSUNG!$J$6:$J$3005,ERFASSUNG!$D$6:$D$3005,$A23,ERFASSUNG!$V$6:$V$3005,$AZ$3)) | I23: =IF($A23="","",SUMIFS(ERFASSUNG!$K$6:$K$3005,ERFASSUNG!$D$6:$D$3005,$A23,ERFASSUNG!$V$6:$V$3005,$AZ$3)) | J23: =IF($A23="","",SUMIFS(ERFASSUNG!$L$6:$L$3005,ERFASSUNG!$D$6:$D$3005,$A23,ERFASSUNG!$V$6:$V$3005,$AZ$3)) | K23: =IF($A23="","",SUMIFS(ERFASSUNG!$M$6:$M$3005,ERFASSUNG!$D$6:$D$3005,$A23,ERFASSUNG!$V$6:$V$3005,$AZ$3)) | L23: =IF($A23="","",SUMIFS(ERFASSUNG!$N$6:$N$3005,ERFASSUNG!$D$6:$D$3005,$A23,ERFASSUNG!$V$6:$V$3005,$AZ$3)) | M23: =IF(OR($A23="",N($G$45)=0),"",G23/$G$45)
A24: =IF(LISTEN!$A$11="","",LISTEN!$A$11) | B24: =IF($A24="","",COUNTIFS(ERFASSUNG!$D$6:$D$3005,$A24,ERFASSUNG!$V$6:$V$3005,$AZ$3)) | C24: =IF($A24="","",SUMIFS(ERFASSUNG!$E$6:$E$3005,ERFASSUNG!$D$6:$D$3005,$A24,ERFASSUNG!$V$6:$V$3005,$AZ$3)) | D24: =IF($A24="","",SUMIFS(ERFASSUNG!$F$6:$F$3005,ERFASSUNG!$D$6:$D$3005,$A24,ERFASSUNG!$V$6:$V$3005,$AZ$3)) | E24: =IF($A24="","",SUMIFS(ERFASSUNG!$G$6:$G$3005,ERFASSUNG!$D$6:$D$3005,$A24,ERFASSUNG!$V$6:$V$3005,$AZ$3)) | F24: =IF($A24="","",SUMIFS(ERFASSUNG!$H$6:$H$3005,ERFASSUNG!$D$6:$D$3005,$A24,ERFASSUNG!$V$6:$V$3005,$AZ$3)) | G24: =IF($A24="","",SUMIFS(ERFASSUNG!$I$6:$I$3005,ERFASSUNG!$D$6:$D$3005,$A24,ERFASSUNG!$V$6:$V$3005,$AZ$3)) | H24: =IF($A24="","",SUMIFS(ERFASSUNG!$J$6:$J$3005,ERFASSUNG!$D$6:$D$3005,$A24,ERFASSUNG!$V$6:$V$3005,$AZ$3)) | I24: =IF($A24="","",SUMIFS(ERFASSUNG!$K$6:$K$3005,ERFASSUNG!$D$6:$D$3005,$A24,ERFASSUNG!$V$6:$V$3005,$AZ$3)) | J24: =IF($A24="","",SUMIFS(ERFASSUNG!$L$6:$L$3005,ERFASSUNG!$D$6:$D$3005,$A24,ERFASSUNG!$V$6:$V$3005,$AZ$3)) | K24: =IF($A24="","",SUMIFS(ERFASSUNG!$M$6:$M$3005,ERFASSUNG!$D$6:$D$3005,$A24,ERFASSUNG!$V$6:$V$3005,$AZ$3)) | L24: =IF($A24="","",SUMIFS(ERFASSUNG!$N$6:$N$3005,ERFASSUNG!$D$6:$D$3005,$A24,ERFASSUNG!$V$6:$V$3005,$AZ$3)) | M24: =IF(OR($A24="",N($G$45)=0),"",G24/$G$45)
A25: =IF(LISTEN!$A$12="","",LISTEN!$A$12) | B25: =IF($A25="","",COUNTIFS(ERFASSUNG!$D$6:$D$3005,$A25,ERFASSUNG!$V$6:$V$3005,$AZ$3)) | C25: =IF($A25="","",SUMIFS(ERFASSUNG!$E$6:$E$3005,ERFASSUNG!$D$6:$D$3005,$A25,ERFASSUNG!$V$6:$V$3005,$AZ$3)) | D25: =IF($A25="","",SUMIFS(ERFASSUNG!$F$6:$F$3005,ERFASSUNG!$D$6:$D$3005,$A25,ERFASSUNG!$V$6:$V$3005,$AZ$3)) | E25: =IF($A25="","",SUMIFS(ERFASSUNG!$G$6:$G$3005,ERFASSUNG!$D$6:$D$3005,$A25,ERFASSUNG!$V$6:$V$3005,$AZ$3)) | F25: =IF($A25="","",SUMIFS(ERFASSUNG!$H$6:$H$3005,ERFASSUNG!$D$6:$D$3005,$A25,ERFASSUNG!$V$6:$V$3005,$AZ$3)) | G25: =IF($A25="","",SUMIFS(ERFASSUNG!$I$6:$I$3005,ERFASSUNG!$D$6:$D$3005,$A25,ERFASSUNG!$V$6:$V$3005,$AZ$3)) | H25: =IF($A25="","",SUMIFS(ERFASSUNG!$J$6:$J$3005,ERFASSUNG!$D$6:$D$3005,$A25,ERFASSUNG!$V$6:$V$3005,$AZ$3)) | I25: =IF($A25="","",SUMIFS(ERFASSUNG!$K$6:$K$3005,ERFASSUNG!$D$6:$D$3005,$A25,ERFASSUNG!$V$6:$V$3005,$AZ$3)) | J25: =IF($A25="","",SUMIFS(ERFASSUNG!$L$6:$L$3005,ERFASSUNG!$D$6:$D$3005,$A25,ERFASSUNG!$V$6:$V$3005,$AZ$3)) | K25: =IF($A25="","",SUMIFS(ERFASSUNG!$M$6:$M$3005,ERFASSUNG!$D$6:$D$3005,$A25,ERFASSUNG!$V$6:$V$3005,$AZ$3)) | L25: =IF($A25="","",SUMIFS(ERFASSUNG!$N$6:$N$3005,ERFASSUNG!$D$6:$D$3005,$A25,ERFASSUNG!$V$6:$V$3005,$AZ$3)) | M25: =IF(OR($A25="",N($G$45)=0),"",G25/$G$45)
A26: =IF(LISTEN!$A$13="","",LISTEN!$A$13) | B26: =IF($A26="","",COUNTIFS(ERFASSUNG!$D$6:$D$3005,$A26,ERFASSUNG!$V$6:$V$3005,$AZ$3)) | C26: =IF($A26="","",SUMIFS(ERFASSUNG!$E$6:$E$3005,ERFASSUNG!$D$6:$D$3005,$A26,ERFASSUNG!$V$6:$V$3005,$AZ$3)) | D26: =IF($A26="","",SUMIFS(ERFASSUNG!$F$6:$F$3005,ERFASSUNG!$D$6:$D$3005,$A26,ERFASSUNG!$V$6:$V$3005,$AZ$3)) | E26: =IF($A26="","",SUMIFS(ERFASSUNG!$G$6:$G$3005,ERFASSUNG!$D$6:$D$3005,$A26,ERFASSUNG!$V$6:$V$3005,$AZ$3)) | F26: =IF($A26="","",SUMIFS(ERFASSUNG!$H$6:$H$3005,ERFASSUNG!$D$6:$D$3005,$A26,ERFASSUNG!$V$6:$V$3005,$AZ$3)) | G26: =IF($A26="","",SUMIFS(ERFASSUNG!$I$6:$I$3005,ERFASSUNG!$D$6:$D$3005,$A26,ERFASSUNG!$V$6:$V$3005,$AZ$3)) | H26: =IF($A26="","",SUMIFS(ERFASSUNG!$J$6:$J$3005,ERFASSUNG!$D$6:$D$3005,$A26,ERFASSUNG!$V$6:$V$3005,$AZ$3)) | I26: =IF($A26="","",SUMIFS(ERFASSUNG!$K$6:$K$3005,ERFASSUNG!$D$6:$D$3005,$A26,ERFASSUNG!$V$6:$V$3005,$AZ$3)) | J26: =IF($A26="","",SUMIFS(ERFASSUNG!$L$6:$L$3005,ERFASSUNG!$D$6:$D$3005,$A26,ERFASSUNG!$V$6:$V$3005,$AZ$3)) | K26: =IF($A26="","",SUMIFS(ERFASSUNG!$M$6:$M$3005,ERFASSUNG!$D$6:$D$3005,$A26,ERFASSUNG!$V$6:$V$3005,$AZ$3)) | L26: =IF($A26="","",SUMIFS(ERFASSUNG!$N$6:$N$3005,ERFASSUNG!$D$6:$D$3005,$A26,ERFASSUNG!$V$6:$V$3005,$AZ$3)) | M26: =IF(OR($A26="",N($G$45)=0),"",G26/$G$45)
A27: =IF(LISTEN!$A$14="","",LISTEN!$A$14) | B27: =IF($A27="","",COUNTIFS(ERFASSUNG!$D$6:$D$3005,$A27,ERFASSUNG!$V$6:$V$3005,$AZ$3)) | C27: =IF($A27="","",SUMIFS(ERFASSUNG!$E$6:$E$3005,ERFASSUNG!$D$6:$D$3005,$A27,ERFASSUNG!$V$6:$V$3005,$AZ$3)) | D27: =IF($A27="","",SUMIFS(ERFASSUNG!$F$6:$F$3005,ERFASSUNG!$D$6:$D$3005,$A27,ERFASSUNG!$V$6:$V$3005,$AZ$3)) | E27: =IF($A27="","",SUMIFS(ERFASSUNG!$G$6:$G$3005,ERFASSUNG!$D$6:$D$3005,$A27,ERFASSUNG!$V$6:$V$3005,$AZ$3)) | F27: =IF($A27="","",SUMIFS(ERFASSUNG!$H$6:$H$3005,ERFASSUNG!$D$6:$D$3005,$A27,ERFASSUNG!$V$6:$V$3005,$AZ$3)) | G27: =IF($A27="","",SUMIFS(ERFASSUNG!$I$6:$I$3005,ERFASSUNG!$D$6:$D$3005,$A27,ERFASSUNG!$V$6:$V$3005,$AZ$3)) | H27: =IF($A27="","",SUMIFS(ERFASSUNG!$J$6:$J$3005,ERFASSUNG!$D$6:$D$3005,$A27,ERFASSUNG!$V$6:$V$3005,$AZ$3)) | I27: =IF($A27="","",SUMIFS(ERFASSUNG!$K$6:$K$3005,ERFASSUNG!$D$6:$D$3005,$A27,ERFASSUNG!$V$6:$V$3005,$AZ$3)) | J27: =IF($A27="","",SUMIFS(ERFASSUNG!$L$6:$L$3005,ERFASSUNG!$D$6:$D$3005,$A27,ERFASSUNG!$V$6:$V$3005,$AZ$3)) | K27: =IF($A27="","",SUMIFS(ERFASSUNG!$M$6:$M$3005,ERFASSUNG!$D$6:$D$3005,$A27,ERFASSUNG!$V$6:$V$3005,$AZ$3)) | L27: =IF($A27="","",SUMIFS(ERFASSUNG!$N$6:$N$3005,ERFASSUNG!$D$6:$D$3005,$A27,ERFASSUNG!$V$6:$V$3005,$AZ$3)) | M27: =IF(OR($A27="",N($G$45)=0),"",G27/$G$45)
A28: =IF(LISTEN!$A$15="","",LISTEN!$A$15) | B28: =IF($A28="","",COUNTIFS(ERFASSUNG!$D$6:$D$3005,$A28,ERFASSUNG!$V$6:$V$3005,$AZ$3)) | C28: =IF($A28="","",SUMIFS(ERFASSUNG!$E$6:$E$3005,ERFASSUNG!$D$6:$D$3005,$A28,ERFASSUNG!$V$6:$V$3005,$AZ$3)) | D28: =IF($A28="","",SUMIFS(ERFASSUNG!$F$6:$F$3005,ERFASSUNG!$D$6:$D$3005,$A28,ERFASSUNG!$V$6:$V$3005,$AZ$3)) | E28: =IF($A28="","",SUMIFS(ERFASSUNG!$G$6:$G$3005,ERFASSUNG!$D$6:$D$3005,$A28,ERFASSUNG!$V$6:$V$3005,$AZ$3)) | F28: =IF($A28="","",SUMIFS(ERFASSUNG!$H$6:$H$3005,ERFASSUNG!$D$6:$D$3005,$A28,ERFASSUNG!$V$6:$V$3005,$AZ$3)) | G28: =IF($A28="","",SUMIFS(ERFASSUNG!$I$6:$I$3005,ERFASSUNG!$D$6:$D$3005,$A28,ERFASSUNG!$V$6:$V$3005,$AZ$3)) | H28: =IF($A28="","",SUMIFS(ERFASSUNG!$J$6:$J$3005,ERFASSUNG!$D$6:$D$3005,$A28,ERFASSUNG!$V$6:$V$3005,$AZ$3)) | I28: =IF($A28="","",SUMIFS(ERFASSUNG!$K$6:$K$3005,ERFASSUNG!$D$6:$D$3005,$A28,ERFASSUNG!$V$6:$V$3005,$AZ$3)) | J28: =IF($A28="","",SUMIFS(ERFASSUNG!$L$6:$L$3005,ERFASSUNG!$D$6:$D$3005,$A28,ERFASSUNG!$V$6:$V$3005,$AZ$3)) | K28: =IF($A28="","",SUMIFS(ERFASSUNG!$M$6:$M$3005,ERFASSUNG!$D$6:$D$3005,$A28,ERFASSUNG!$V$6:$V$3005,$AZ$3)) | L28: =IF($A28="","",SUMIFS(ERFASSUNG!$N$6:$N$3005,ERFASSUNG!$D$6:$D$3005,$A28,ERFASSUNG!$V$6:$V$3005,$AZ$3)) | M28: =IF(OR($A28="",N($G$45)=0),"",G28/$G$45)
A29: =IF(LISTEN!$A$16="","",LISTEN!$A$16) | B29: =IF($A29="","",COUNTIFS(ERFASSUNG!$D$6:$D$3005,$A29,ERFASSUNG!$V$6:$V$3005,$AZ$3)) | C29: =IF($A29="","",SUMIFS(ERFASSUNG!$E$6:$E$3005,ERFASSUNG!$D$6:$D$3005,$A29,ERFASSUNG!$V$6:$V$3005,$AZ$3)) | D29: =IF($A29="","",SUMIFS(ERFASSUNG!$F$6:$F$3005,ERFASSUNG!$D$6:$D$3005,$A29,ERFASSUNG!$V$6:$V$3005,$AZ$3)) | E29: =IF($A29="","",SUMIFS(ERFASSUNG!$G$6:$G$3005,ERFASSUNG!$D$6:$D$3005,$A29,ERFASSUNG!$V$6:$V$3005,$AZ$3)) | F29: =IF($A29="","",SUMIFS(ERFASSUNG!$H$6:$H$3005,ERFASSUNG!$D$6:$D$3005,$A29,ERFASSUNG!$V$6:$V$3005,$AZ$3)) | G29: =IF($A29="","",SUMIFS(ERFASSUNG!$I$6:$I$3005,ERFASSUNG!$D$6:$D$3005,$A29,ERFASSUNG!$V$6:$V$3005,$AZ$3)) | H29: =IF($A29="","",SUMIFS(ERFASSUNG!$J$6:$J$3005,ERFASSUNG!$D$6:$D$3005,$A29,ERFASSUNG!$V$6:$V$3005,$AZ$3)) | I29: =IF($A29="","",SUMIFS(ERFASSUNG!$K$6:$K$3005,ERFASSUNG!$D$6:$D$3005,$A29,ERFASSUNG!$V$6:$V$3005,$AZ$3)) | J29: =IF($A29="","",SUMIFS(ERFASSUNG!$L$6:$L$3005,ERFASSUNG!$D$6:$D$3005,$A29,ERFASSUNG!$V$6:$V$3005,$AZ$3)) | K29: =IF($A29="","",SUMIFS(ERFASSUNG!$M$6:$M$3005,ERFASSUNG!$D$6:$D$3005,$A29,ERFASSUNG!$V$6:$V$3005,$AZ$3)) | L29: =IF($A29="","",SUMIFS(ERFASSUNG!$N$6:$N$3005,ERFASSUNG!$D$6:$D$3005,$A29,ERFASSUNG!$V$6:$V$3005,$AZ$3)) | M29: =IF(OR($A29="",N($G$45)=0),"",G29/$G$45)
A30: =IF(LISTEN!$A$17="","",LISTEN!$A$17) | B30: =IF($A30="","",COUNTIFS(ERFASSUNG!$D$6:$D$3005,$A30,ERFASSUNG!$V$6:$V$3005,$AZ$3)) | C30: =IF($A30="","",SUMIFS(ERFASSUNG!$E$6:$E$3005,ERFASSUNG!$D$6:$D$3005,$A30,ERFASSUNG!$V$6:$V$3005,$AZ$3)) | D30: =IF($A30="","",SUMIFS(ERFASSUNG!$F$6:$F$3005,ERFASSUNG!$D$6:$D$3005,$A30,ERFASSUNG!$V$6:$V$3005,$AZ$3)) | E30: =IF($A30="","",SUMIFS(ERFASSUNG!$G$6:$G$3005,ERFASSUNG!$D$6:$D$3005,$A30,ERFASSUNG!$V$6:$V$3005,$AZ$3)) | F30: =IF($A30="","",SUMIFS(ERFASSUNG!$H$6:$H$3005,ERFASSUNG!$D$6:$D$3005,$A30,ERFASSUNG!$V$6:$V$3005,$AZ$3)) | G30: =IF($A30="","",SUMIFS(ERFASSUNG!$I$6:$I$3005,ERFASSUNG!$D$6:$D$3005,$A30,ERFASSUNG!$V$6:$V$3005,$AZ$3)) | H30: =IF($A30="","",SUMIFS(ERFASSUNG!$J$6:$J$3005,ERFASSUNG!$D$6:$D$3005,$A30,ERFASSUNG!$V$6:$V$3005,$AZ$3)) | I30: =IF($A30="","",SUMIFS(ERFASSUNG!$K$6:$K$3005,ERFASSUNG!$D$6:$D$3005,$A30,ERFASSUNG!$V$6:$V$3005,$AZ$3)) | J30: =IF($A30="","",SUMIFS(ERFASSUNG!$L$6:$L$3005,ERFASSUNG!$D$6:$D$3005,$A30,ERFASSUNG!$V$6:$V$3005,$AZ$3)) | K30: =IF($A30="","",SUMIFS(ERFASSUNG!$M$6:$M$3005,ERFASSUNG!$D$6:$D$3005,$A30,ERFASSUNG!$V$6:$V$3005,$AZ$3)) | L30: =IF($A30="","",SUMIFS(ERFASSUNG!$N$6:$N$3005,ERFASSUNG!$D$6:$D$3005,$A30,ERFASSUNG!$V$6:$V$3005,$AZ$3)) | M30: =IF(OR($A30="",N($G$45)=0),"",G30/$G$45)
A31: =IF(LISTEN!$A$18="","",LISTEN!$A$18) | B31: =IF($A31="","",COUNTIFS(ERFASSUNG!$D$6:$D$3005,$A31,ERFASSUNG!$V$6:$V$3005,$AZ$3)) | C31: =IF($A31="","",SUMIFS(ERFASSUNG!$E$6:$E$3005,ERFASSUNG!$D$6:$D$3005,$A31,ERFASSUNG!$V$6:$V$3005,$AZ$3)) | D31: =IF($A31="","",SUMIFS(ERFASSUNG!$F$6:$F$3005,ERFASSUNG!$D$6:$D$3005,$A31,ERFASSUNG!$V$6:$V$3005,$AZ$3)) | E31: =IF($A31="","",SUMIFS(ERFASSUNG!$G$6:$G$3005,ERFASSUNG!$D$6:$D$3005,$A31,ERFASSUNG!$V$6:$V$3005,$AZ$3)) | F31: =IF($A31="","",SUMIFS(ERFASSUNG!$H$6:$H$3005,ERFASSUNG!$D$6:$D$3005,$A31,ERFASSUNG!$V$6:$V$3005,$AZ$3)) | G31: =IF($A31="","",SUMIFS(ERFASSUNG!$I$6:$I$3005,ERFASSUNG!$D$6:$D$3005,$A31,ERFASSUNG!$V$6:$V$3005,$AZ$3)) | H31: =IF($A31="","",SUMIFS(ERFASSUNG!$J$6:$J$3005,ERFASSUNG!$D$6:$D$3005,$A31,ERFASSUNG!$V$6:$V$3005,$AZ$3)) | I31: =IF($A31="","",SUMIFS(ERFASSUNG!$K$6:$K$3005,ERFASSUNG!$D$6:$D$3005,$A31,ERFASSUNG!$V$6:$V$3005,$AZ$3)) | J31: =IF($A31="","",SUMIFS(ERFASSUNG!$L$6:$L$3005,ERFASSUNG!$D$6:$D$3005,$A31,ERFASSUNG!$V$6:$V$3005,$AZ$3)) | K31: =IF($A31="","",SUMIFS(ERFASSUNG!$M$6:$M$3005,ERFASSUNG!$D$6:$D$3005,$A31,ERFASSUNG!$V$6:$V$3005,$AZ$3)) | L31: =IF($A31="","",SUMIFS(ERFASSUNG!$N$6:$N$3005,ERFASSUNG!$D$6:$D$3005,$A31,ERFASSUNG!$V$6:$V$3005,$AZ$3)) | M31: =IF(OR($A31="",N($G$45)=0),"",G31/$G$45)
A32: =IF(LISTEN!$A$19="","",LISTEN!$A$19) | B32: =IF($A32="","",COUNTIFS(ERFASSUNG!$D$6:$D$3005,$A32,ERFASSUNG!$V$6:$V$3005,$AZ$3)) | C32: =IF($A32="","",SUMIFS(ERFASSUNG!$E$6:$E$3005,ERFASSUNG!$D$6:$D$3005,$A32,ERFASSUNG!$V$6:$V$3005,$AZ$3)) | D32: =IF($A32="","",SUMIFS(ERFASSUNG!$F$6:$F$3005,ERFASSUNG!$D$6:$D$3005,$A32,ERFASSUNG!$V$6:$V$3005,$AZ$3)) | E32: =IF($A32="","",SUMIFS(ERFASSUNG!$G$6:$G$3005,ERFASSUNG!$D$6:$D$3005,$A32,ERFASSUNG!$V$6:$V$3005,$AZ$3)) | F32: =IF($A32="","",SUMIFS(ERFASSUNG!$H$6:$H$3005,ERFASSUNG!$D$6:$D$3005,$A32,ERFASSUNG!$V$6:$V$3005,$AZ$3)) | G32: =IF($A32="","",SUMIFS(ERFASSUNG!$I$6:$I$3005,ERFASSUNG!$D$6:$D$3005,$A32,ERFASSUNG!$V$6:$V$3005,$AZ$3)) | H32: =IF($A32="","",SUMIFS(ERFASSUNG!$J$6:$J$3005,ERFASSUNG!$D$6:$D$3005,$A32,ERFASSUNG!$V$6:$V$3005,$AZ$3)) | I32: =IF($A32="","",SUMIFS(ERFASSUNG!$K$6:$K$3005,ERFASSUNG!$D$6:$D$3005,$A32,ERFASSUNG!$V$6:$V$3005,$AZ$3)) | J32: =IF($A32="","",SUMIFS(ERFASSUNG!$L$6:$L$3005,ERFASSUNG!$D$6:$D$3005,$A32,ERFASSUNG!$V$6:$V$3005,$AZ$3)) | K32: =IF($A32="","",SUMIFS(ERFASSUNG!$M$6:$M$3005,ERFASSUNG!$D$6:$D$3005,$A32,ERFASSUNG!$V$6:$V$3005,$AZ$3)) | L32: =IF($A32="","",SUMIFS(ERFASSUNG!$N$6:$N$3005,ERFASSUNG!$D$6:$D$3005,$A32,ERFASSUNG!$V$6:$V$3005,$AZ$3)) | M32: =IF(OR($A32="",N($G$45)=0),"",G32/$G$45)
A33: =IF(LISTEN!$A$20="","",LISTEN!$A$20) | B33: =IF($A33="","",COUNTIFS(ERFASSUNG!$D$6:$D$3005,$A33,ERFASSUNG!$V$6:$V$3005,$AZ$3)) | C33: =IF($A33="","",SUMIFS(ERFASSUNG!$E$6:$E$3005,ERFASSUNG!$D$6:$D$3005,$A33,ERFASSUNG!$V$6:$V$3005,$AZ$3)) | D33: =IF($A33="","",SUMIFS(ERFASSUNG!$F$6:$F$3005,ERFASSUNG!$D$6:$D$3005,$A33,ERFASSUNG!$V$6:$V$3005,$AZ$3)) | E33: =IF($A33="","",SUMIFS(ERFASSUNG!$G$6:$G$3005,ERFASSUNG!$D$6:$D$3005,$A33,ERFASSUNG!$V$6:$V$3005,$AZ$3)) | F33: =IF($A33="","",SUMIFS(ERFASSUNG!$H$6:$H$3005,ERFASSUNG!$D$6:$D$3005,$A33,ERFASSUNG!$V$6:$V$3005,$AZ$3)) | G33: =IF($A33="","",SUMIFS(ERFASSUNG!$I$6:$I$3005,ERFASSUNG!$D$6:$D$3005,$A33,ERFASSUNG!$V$6:$V$3005,$AZ$3)) | H33: =IF($A33="","",SUMIFS(ERFASSUNG!$J$6:$J$3005,ERFASSUNG!$D$6:$D$3005,$A33,ERFASSUNG!$V$6:$V$3005,$AZ$3)) | I33: =IF($A33="","",SUMIFS(ERFASSUNG!$K$6:$K$3005,ERFASSUNG!$D$6:$D$3005,$A33,ERFASSUNG!$V$6:$V$3005,$AZ$3)) | J33: =IF($A33="","",SUMIFS(ERFASSUNG!$L$6:$L$3005,ERFASSUNG!$D$6:$D$3005,$A33,ERFASSUNG!$V$6:$V$3005,$AZ$3)) | K33: =IF($A33="","",SUMIFS(ERFASSUNG!$M$6:$M$3005,ERFASSUNG!$D$6:$D$3005,$A33,ERFASSUNG!$V$6:$V$3005,$AZ$3)) | L33: =IF($A33="","",SUMIFS(ERFASSUNG!$N$6:$N$3005,ERFASSUNG!$D$6:$D$3005,$A33,ERFASSUNG!$V$6:$V$3005,$AZ$3)) | M33: =IF(OR($A33="",N($G$45)=0),"",G33/$G$45)
A34: =IF(LISTEN!$A$21="","",LISTEN!$A$21) | B34: =IF($A34="","",COUNTIFS(ERFASSUNG!$D$6:$D$3005,$A34,ERFASSUNG!$V$6:$V$3005,$AZ$3)) | C34: =IF($A34="","",SUMIFS(ERFASSUNG!$E$6:$E$3005,ERFASSUNG!$D$6:$D$3005,$A34,ERFASSUNG!$V$6:$V$3005,$AZ$3)) | D34: =IF($A34="","",SUMIFS(ERFASSUNG!$F$6:$F$3005,ERFASSUNG!$D$6:$D$3005,$A34,ERFASSUNG!$V$6:$V$3005,$AZ$3)) | E34: =IF($A34="","",SUMIFS(ERFASSUNG!$G$6:$G$3005,ERFASSUNG!$D$6:$D$3005,$A34,ERFASSUNG!$V$6:$V$3005,$AZ$3)) | F34: =IF($A34="","",SUMIFS(ERFASSUNG!$H$6:$H$3005,ERFASSUNG!$D$6:$D$3005,$A34,ERFASSUNG!$V$6:$V$3005,$AZ$3)) | G34: =IF($A34="","",SUMIFS(ERFASSUNG!$I$6:$I$3005,ERFASSUNG!$D$6:$D$3005,$A34,ERFASSUNG!$V$6:$V$3005,$AZ$3)) | H34: =IF($A34="","",SUMIFS(ERFASSUNG!$J$6:$J$3005,ERFASSUNG!$D$6:$D$3005,$A34,ERFASSUNG!$V$6:$V$3005,$AZ$3)) | I34: =IF($A34="","",SUMIFS(ERFASSUNG!$K$6:$K$3005,ERFASSUNG!$D$6:$D$3005,$A34,ERFASSUNG!$V$6:$V$3005,$AZ$3)) | J34: =IF($A34="","",SUMIFS(ERFASSUNG!$L$6:$L$3005,ERFASSUNG!$D$6:$D$3005,$A34,ERFASSUNG!$V$6:$V$3005,$AZ$3)) | K34: =IF($A34="","",SUMIFS(ERFASSUNG!$M$6:$M$3005,ERFASSUNG!$D$6:$D$3005,$A34,ERFASSUNG!$V$6:$V$3005,$AZ$3)) | L34: =IF($A34="","",SUMIFS(ERFASSUNG!$N$6:$N$3005,ERFASSUNG!$D$6:$D$3005,$A34,ERFASSUNG!$V$6:$V$3005,$AZ$3)) | M34: =IF(OR($A34="",N($G$45)=0),"",G34/$G$45)
A35: =IF(LISTEN!$A$22="","",LISTEN!$A$22) | B35: =IF($A35="","",COUNTIFS(ERFASSUNG!$D$6:$D$3005,$A35,ERFASSUNG!$V$6:$V$3005,$AZ$3)) | C35: =IF($A35="","",SUMIFS(ERFASSUNG!$E$6:$E$3005,ERFASSUNG!$D$6:$D$3005,$A35,ERFASSUNG!$V$6:$V$3005,$AZ$3)) | D35: =IF($A35="","",SUMIFS(ERFASSUNG!$F$6:$F$3005,ERFASSUNG!$D$6:$D$3005,$A35,ERFASSUNG!$V$6:$V$3005,$AZ$3)) | E35: =IF($A35="","",SUMIFS(ERFASSUNG!$G$6:$G$3005,ERFASSUNG!$D$6:$D$3005,$A35,ERFASSUNG!$V$6:$V$3005,$AZ$3)) | F35: =IF($A35="","",SUMIFS(ERFASSUNG!$H$6:$H$3005,ERFASSUNG!$D$6:$D$3005,$A35,ERFASSUNG!$V$6:$V$3005,$AZ$3)) | G35: =IF($A35="","",SUMIFS(ERFASSUNG!$I$6:$I$3005,ERFASSUNG!$D$6:$D$3005,$A35,ERFASSUNG!$V$6:$V$3005,$AZ$3)) | H35: =IF($A35="","",SUMIFS(ERFASSUNG!$J$6:$J$3005,ERFASSUNG!$D$6:$D$3005,$A35,ERFASSUNG!$V$6:$V$3005,$AZ$3)) | I35: =IF($A35="","",SUMIFS(ERFASSUNG!$K$6:$K$3005,ERFASSUNG!$D$6:$D$3005,$A35,ERFASSUNG!$V$6:$V$3005,$AZ$3)) | J35: =IF($A35="","",SUMIFS(ERFASSUNG!$L$6:$L$3005,ERFASSUNG!$D$6:$D$3005,$A35,ERFASSUNG!$V$6:$V$3005,$AZ$3)) | K35: =IF($A35="","",SUMIFS(ERFASSUNG!$M$6:$M$3005,ERFASSUNG!$D$6:$D$3005,$A35,ERFASSUNG!$V$6:$V$3005,$AZ$3)) | L35: =IF($A35="","",SUMIFS(ERFASSUNG!$N$6:$N$3005,ERFASSUNG!$D$6:$D$3005,$A35,ERFASSUNG!$V$6:$V$3005,$AZ$3)) | M35: =IF(OR($A35="",N($G$45)=0),"",G35/$G$45)
A36: =IF(LISTEN!$A$23="","",LISTEN!$A$23) | B36: =IF($A36="","",COUNTIFS(ERFASSUNG!$D$6:$D$3005,$A36,ERFASSUNG!$V$6:$V$3005,$AZ$3)) | C36: =IF($A36="","",SUMIFS(ERFASSUNG!$E$6:$E$3005,ERFASSUNG!$D$6:$D$3005,$A36,ERFASSUNG!$V$6:$V$3005,$AZ$3)) | D36: =IF($A36="","",SUMIFS(ERFASSUNG!$F$6:$F$3005,ERFASSUNG!$D$6:$D$3005,$A36,ERFASSUNG!$V$6:$V$3005,$AZ$3)) | E36: =IF($A36="","",SUMIFS(ERFASSUNG!$G$6:$G$3005,ERFASSUNG!$D$6:$D$3005,$A36,ERFASSUNG!$V$6:$V$3005,$AZ$3)) | F36: =IF($A36="","",SUMIFS(ERFASSUNG!$H$6:$H$3005,ERFASSUNG!$D$6:$D$3005,$A36,ERFASSUNG!$V$6:$V$3005,$AZ$3)) | G36: =IF($A36="","",SUMIFS(ERFASSUNG!$I$6:$I$3005,ERFASSUNG!$D$6:$D$3005,$A36,ERFASSUNG!$V$6:$V$3005,$AZ$3)) | H36: =IF($A36="","",SUMIFS(ERFASSUNG!$J$6:$J$3005,ERFASSUNG!$D$6:$D$3005,$A36,ERFASSUNG!$V$6:$V$3005,$AZ$3)) | I36: =IF($A36="","",SUMIFS(ERFASSUNG!$K$6:$K$3005,ERFASSUNG!$D$6:$D$3005,$A36,ERFASSUNG!$V$6:$V$3005,$AZ$3)) | J36: =IF($A36="","",SUMIFS(ERFASSUNG!$L$6:$L$3005,ERFASSUNG!$D$6:$D$3005,$A36,ERFASSUNG!$V$6:$V$3005,$AZ$3)) | K36: =IF($A36="","",SUMIFS(ERFASSUNG!$M$6:$M$3005,ERFASSUNG!$D$6:$D$3005,$A36,ERFASSUNG!$V$6:$V$3005,$AZ$3)) | L36: =IF($A36="","",SUMIFS(ERFASSUNG!$N$6:$N$3005,ERFASSUNG!$D$6:$D$3005,$A36,ERFASSUNG!$V$6:$V$3005,$AZ$3)) | M36: =IF(OR($A36="",N($G$45)=0),"",G36/$G$45)
A37: =IF(LISTEN!$A$24="","",LISTEN!$A$24) | B37: =IF($A37="","",COUNTIFS(ERFASSUNG!$D$6:$D$3005,$A37,ERFASSUNG!$V$6:$V$3005,$AZ$3)) | C37: =IF($A37="","",SUMIFS(ERFASSUNG!$E$6:$E$3005,ERFASSUNG!$D$6:$D$3005,$A37,ERFASSUNG!$V$6:$V$3005,$AZ$3)) | D37: =IF($A37="","",SUMIFS(ERFASSUNG!$F$6:$F$3005,ERFASSUNG!$D$6:$D$3005,$A37,ERFASSUNG!$V$6:$V$3005,$AZ$3)) | E37: =IF($A37="","",SUMIFS(ERFASSUNG!$G$6:$G$3005,ERFASSUNG!$D$6:$D$3005,$A37,ERFASSUNG!$V$6:$V$3005,$AZ$3)) | F37: =IF($A37="","",SUMIFS(ERFASSUNG!$H$6:$H$3005,ERFASSUNG!$D$6:$D$3005,$A37,ERFASSUNG!$V$6:$V$3005,$AZ$3)) | G37: =IF($A37="","",SUMIFS(ERFASSUNG!$I$6:$I$3005,ERFASSUNG!$D$6:$D$3005,$A37,ERFASSUNG!$V$6:$V$3005,$AZ$3)) | H37: =IF($A37="","",SUMIFS(ERFASSUNG!$J$6:$J$3005,ERFASSUNG!$D$6:$D$3005,$A37,ERFASSUNG!$V$6:$V$3005,$AZ$3)) | I37: =IF($A37="","",SUMIFS(ERFASSUNG!$K$6:$K$3005,ERFASSUNG!$D$6:$D$3005,$A37,ERFASSUNG!$V$6:$V$3005,$AZ$3)) | J37: =IF($A37="","",SUMIFS(ERFASSUNG!$L$6:$L$3005,ERFASSUNG!$D$6:$D$3005,$A37,ERFASSUNG!$V$6:$V$3005,$AZ$3)) | K37: =IF($A37="","",SUMIFS(ERFASSUNG!$M$6:$M$3005,ERFASSUNG!$D$6:$D$3005,$A37,ERFASSUNG!$V$6:$V$3005,$AZ$3)) | L37: =IF($A37="","",SUMIFS(ERFASSUNG!$N$6:$N$3005,ERFASSUNG!$D$6:$D$3005,$A37,ERFASSUNG!$V$6:$V$3005,$AZ$3)) | M37: =IF(OR($A37="",N($G$45)=0),"",G37/$G$45)
A38: =IF(LISTEN!$A$25="","",LISTEN!$A$25) | B38: =IF($A38="","",COUNTIFS(ERFASSUNG!$D$6:$D$3005,$A38,ERFASSUNG!$V$6:$V$3005,$AZ$3)) | C38: =IF($A38="","",SUMIFS(ERFASSUNG!$E$6:$E$3005,ERFASSUNG!$D$6:$D$3005,$A38,ERFASSUNG!$V$6:$V$3005,$AZ$3)) | D38: =IF($A38="","",SUMIFS(ERFASSUNG!$F$6:$F$3005,ERFASSUNG!$D$6:$D$3005,$A38,ERFASSUNG!$V$6:$V$3005,$AZ$3)) | E38: =IF($A38="","",SUMIFS(ERFASSUNG!$G$6:$G$3005,ERFASSUNG!$D$6:$D$3005,$A38,ERFASSUNG!$V$6:$V$3005,$AZ$3)) | F38: =IF($A38="","",SUMIFS(ERFASSUNG!$H$6:$H$3005,ERFASSUNG!$D$6:$D$3005,$A38,ERFASSUNG!$V$6:$V$3005,$AZ$3)) | G38: =IF($A38="","",SUMIFS(ERFASSUNG!$I$6:$I$3005,ERFASSUNG!$D$6:$D$3005,$A38,ERFASSUNG!$V$6:$V$3005,$AZ$3)) | H38: =IF($A38="","",SUMIFS(ERFASSUNG!$J$6:$J$3005,ERFASSUNG!$D$6:$D$3005,$A38,ERFASSUNG!$V$6:$V$3005,$AZ$3)) | I38: =IF($A38="","",SUMIFS(ERFASSUNG!$K$6:$K$3005,ERFASSUNG!$D$6:$D$3005,$A38,ERFASSUNG!$V$6:$V$3005,$AZ$3)) | J38: =IF($A38="","",SUMIFS(ERFASSUNG!$L$6:$L$3005,ERFASSUNG!$D$6:$D$3005,$A38,ERFASSUNG!$V$6:$V$3005,$AZ$3)) | K38: =IF($A38="","",SUMIFS(ERFASSUNG!$M$6:$M$3005,ERFASSUNG!$D$6:$D$3005,$A38,ERFASSUNG!$V$6:$V$3005,$AZ$3)) | L38: =IF($A38="","",SUMIFS(ERFASSUNG!$N$6:$N$3005,ERFASSUNG!$D$6:$D$3005,$A38,ERFASSUNG!$V$6:$V$3005,$AZ$3)) | M38: =IF(OR($A38="",N($G$45)=0),"",G38/$G$45)
A39: =IF(LISTEN!$A$26="","",LISTEN!$A$26) | B39: =IF($A39="","",COUNTIFS(ERFASSUNG!$D$6:$D$3005,$A39,ERFASSUNG!$V$6:$V$3005,$AZ$3)) | C39: =IF($A39="","",SUMIFS(ERFASSUNG!$E$6:$E$3005,ERFASSUNG!$D$6:$D$3005,$A39,ERFASSUNG!$V$6:$V$3005,$AZ$3)) | D39: =IF($A39="","",SUMIFS(ERFASSUNG!$F$6:$F$3005,ERFASSUNG!$D$6:$D$3005,$A39,ERFASSUNG!$V$6:$V$3005,$AZ$3)) | E39: =IF($A39="","",SUMIFS(ERFASSUNG!$G$6:$G$3005,ERFASSUNG!$D$6:$D$3005,$A39,ERFASSUNG!$V$6:$V$3005,$AZ$3)) | F39: =IF($A39="","",SUMIFS(ERFASSUNG!$H$6:$H$3005,ERFASSUNG!$D$6:$D$3005,$A39,ERFASSUNG!$V$6:$V$3005,$AZ$3)) | G39: =IF($A39="","",SUMIFS(ERFASSUNG!$I$6:$I$3005,ERFASSUNG!$D$6:$D$3005,$A39,ERFASSUNG!$V$6:$V$3005,$AZ$3)) | H39: =IF($A39="","",SUMIFS(ERFASSUNG!$J$6:$J$3005,ERFASSUNG!$D$6:$D$3005,$A39,ERFASSUNG!$V$6:$V$3005,$AZ$3)) | I39: =IF($A39="","",SUMIFS(ERFASSUNG!$K$6:$K$3005,ERFASSUNG!$D$6:$D$3005,$A39,ERFASSUNG!$V$6:$V$3005,$AZ$3)) | J39: =IF($A39="","",SUMIFS(ERFASSUNG!$L$6:$L$3005,ERFASSUNG!$D$6:$D$3005,$A39,ERFASSUNG!$V$6:$V$3005,$AZ$3)) | K39: =IF($A39="","",SUMIFS(ERFASSUNG!$M$6:$M$3005,ERFASSUNG!$D$6:$D$3005,$A39,ERFASSUNG!$V$6:$V$3005,$AZ$3)) | L39: =IF($A39="","",SUMIFS(ERFASSUNG!$N$6:$N$3005,ERFASSUNG!$D$6:$D$3005,$A39,ERFASSUNG!$V$6:$V$3005,$AZ$3)) | M39: =IF(OR($A39="",N($G$45)=0),"",G39/$G$45)
A40: =IF(LISTEN!$A$27="","",LISTEN!$A$27) | B40: =IF($A40="","",COUNTIFS(ERFASSUNG!$D$6:$D$3005,$A40,ERFASSUNG!$V$6:$V$3005,$AZ$3)) | C40: =IF($A40="","",SUMIFS(ERFASSUNG!$E$6:$E$3005,ERFASSUNG!$D$6:$D$3005,$A40,ERFASSUNG!$V$6:$V$3005,$AZ$3)) | D40: =IF($A40="","",SUMIFS(ERFASSUNG!$F$6:$F$3005,ERFASSUNG!$D$6:$D$3005,$A40,ERFASSUNG!$V$6:$V$3005,$AZ$3)) | E40: =IF($A40="","",SUMIFS(ERFASSUNG!$G$6:$G$3005,ERFASSUNG!$D$6:$D$3005,$A40,ERFASSUNG!$V$6:$V$3005,$AZ$3)) | F40: =IF($A40="","",SUMIFS(ERFASSUNG!$H$6:$H$3005,ERFASSUNG!$D$6:$D$3005,$A40,ERFASSUNG!$V$6:$V$3005,$AZ$3)) | G40: =IF($A40="","",SUMIFS(ERFASSUNG!$I$6:$I$3005,ERFASSUNG!$D$6:$D$3005,$A40,ERFASSUNG!$V$6:$V$3005,$AZ$3)) | H40: =IF($A40="","",SUMIFS(ERFASSUNG!$J$6:$J$3005,ERFASSUNG!$D$6:$D$3005,$A40,ERFASSUNG!$V$6:$V$3005,$AZ$3)) | I40: =IF($A40="","",SUMIFS(ERFASSUNG!$K$6:$K$3005,ERFASSUNG!$D$6:$D$3005,$A40,ERFASSUNG!$V$6:$V$3005,$AZ$3)) | J40: =IF($A40="","",SUMIFS(ERFASSUNG!$L$6:$L$3005,ERFASSUNG!$D$6:$D$3005,$A40,ERFASSUNG!$V$6:$V$3005,$AZ$3)) | K40: =IF($A40="","",SUMIFS(ERFASSUNG!$M$6:$M$3005,ERFASSUNG!$D$6:$D$3005,$A40,ERFASSUNG!$V$6:$V$3005,$AZ$3)) | L40: =IF($A40="","",SUMIFS(ERFASSUNG!$N$6:$N$3005,ERFASSUNG!$D$6:$D$3005,$A40,ERFASSUNG!$V$6:$V$3005,$AZ$3)) | M40: =IF(OR($A40="",N($G$45)=0),"",G40/$G$45)
A41: =IF(LISTEN!$A$28="","",LISTEN!$A$28) | B41: =IF($A41="","",COUNTIFS(ERFASSUNG!$D$6:$D$3005,$A41,ERFASSUNG!$V$6:$V$3005,$AZ$3)) | C41: =IF($A41="","",SUMIFS(ERFASSUNG!$E$6:$E$3005,ERFASSUNG!$D$6:$D$3005,$A41,ERFASSUNG!$V$6:$V$3005,$AZ$3)) | D41: =IF($A41="","",SUMIFS(ERFASSUNG!$F$6:$F$3005,ERFASSUNG!$D$6:$D$3005,$A41,ERFASSUNG!$V$6:$V$3005,$AZ$3)) | E41: =IF($A41="","",SUMIFS(ERFASSUNG!$G$6:$G$3005,ERFASSUNG!$D$6:$D$3005,$A41,ERFASSUNG!$V$6:$V$3005,$AZ$3)) | F41: =IF($A41="","",SUMIFS(ERFASSUNG!$H$6:$H$3005,ERFASSUNG!$D$6:$D$3005,$A41,ERFASSUNG!$V$6:$V$3005,$AZ$3)) | G41: =IF($A41="","",SUMIFS(ERFASSUNG!$I$6:$I$3005,ERFASSUNG!$D$6:$D$3005,$A41,ERFASSUNG!$V$6:$V$3005,$AZ$3)) | H41: =IF($A41="","",SUMIFS(ERFASSUNG!$J$6:$J$3005,ERFASSUNG!$D$6:$D$3005,$A41,ERFASSUNG!$V$6:$V$3005,$AZ$3)) | I41: =IF($A41="","",SUMIFS(ERFASSUNG!$K$6:$K$3005,ERFASSUNG!$D$6:$D$3005,$A41,ERFASSUNG!$V$6:$V$3005,$AZ$3)) | J41: =IF($A41="","",SUMIFS(ERFASSUNG!$L$6:$L$3005,ERFASSUNG!$D$6:$D$3005,$A41,ERFASSUNG!$V$6:$V$3005,$AZ$3)) | K41: =IF($A41="","",SUMIFS(ERFASSUNG!$M$6:$M$3005,ERFASSUNG!$D$6:$D$3005,$A41,ERFASSUNG!$V$6:$V$3005,$AZ$3)) | L41: =IF($A41="","",SUMIFS(ERFASSUNG!$N$6:$N$3005,ERFASSUNG!$D$6:$D$3005,$A41,ERFASSUNG!$V$6:$V$3005,$AZ$3)) | M41: =IF(OR($A41="",N($G$45)=0),"",G41/$G$45)
A42: =IF(LISTEN!$A$29="","",LISTEN!$A$29) | B42: =IF($A42="","",COUNTIFS(ERFASSUNG!$D$6:$D$3005,$A42,ERFASSUNG!$V$6:$V$3005,$AZ$3)) | C42: =IF($A42="","",SUMIFS(ERFASSUNG!$E$6:$E$3005,ERFASSUNG!$D$6:$D$3005,$A42,ERFASSUNG!$V$6:$V$3005,$AZ$3)) | D42: =IF($A42="","",SUMIFS(ERFASSUNG!$F$6:$F$3005,ERFASSUNG!$D$6:$D$3005,$A42,ERFASSUNG!$V$6:$V$3005,$AZ$3)) | E42: =IF($A42="","",SUMIFS(ERFASSUNG!$G$6:$G$3005,ERFASSUNG!$D$6:$D$3005,$A42,ERFASSUNG!$V$6:$V$3005,$AZ$3)) | F42: =IF($A42="","",SUMIFS(ERFASSUNG!$H$6:$H$3005,ERFASSUNG!$D$6:$D$3005,$A42,ERFASSUNG!$V$6:$V$3005,$AZ$3)) | G42: =IF($A42="","",SUMIFS(ERFASSUNG!$I$6:$I$3005,ERFASSUNG!$D$6:$D$3005,$A42,ERFASSUNG!$V$6:$V$3005,$AZ$3)) | H42: =IF($A42="","",SUMIFS(ERFASSUNG!$J$6:$J$3005,ERFASSUNG!$D$6:$D$3005,$A42,ERFASSUNG!$V$6:$V$3005,$AZ$3)) | I42: =IF($A42="","",SUMIFS(ERFASSUNG!$K$6:$K$3005,ERFASSUNG!$D$6:$D$3005,$A42,ERFASSUNG!$V$6:$V$3005,$AZ$3)) | J42: =IF($A42="","",SUMIFS(ERFASSUNG!$L$6:$L$3005,ERFASSUNG!$D$6:$D$3005,$A42,ERFASSUNG!$V$6:$V$3005,$AZ$3)) | K42: =IF($A42="","",SUMIFS(ERFASSUNG!$M$6:$M$3005,ERFASSUNG!$D$6:$D$3005,$A42,ERFASSUNG!$V$6:$V$3005,$AZ$3)) | L42: =IF($A42="","",SUMIFS(ERFASSUNG!$N$6:$N$3005,ERFASSUNG!$D$6:$D$3005,$A42,ERFASSUNG!$V$6:$V$3005,$AZ$3)) | M42: =IF(OR($A42="",N($G$45)=0),"",G42/$G$45)
A43: =IF(LISTEN!$A$30="","",LISTEN!$A$30) | B43: =IF($A43="","",COUNTIFS(ERFASSUNG!$D$6:$D$3005,$A43,ERFASSUNG!$V$6:$V$3005,$AZ$3)) | C43: =IF($A43="","",SUMIFS(ERFASSUNG!$E$6:$E$3005,ERFASSUNG!$D$6:$D$3005,$A43,ERFASSUNG!$V$6:$V$3005,$AZ$3)) | D43: =IF($A43="","",SUMIFS(ERFASSUNG!$F$6:$F$3005,ERFASSUNG!$D$6:$D$3005,$A43,ERFASSUNG!$V$6:$V$3005,$AZ$3)) | E43: =IF($A43="","",SUMIFS(ERFASSUNG!$G$6:$G$3005,ERFASSUNG!$D$6:$D$3005,$A43,ERFASSUNG!$V$6:$V$3005,$AZ$3)) | F43: =IF($A43="","",SUMIFS(ERFASSUNG!$H$6:$H$3005,ERFASSUNG!$D$6:$D$3005,$A43,ERFASSUNG!$V$6:$V$3005,$AZ$3)) | G43: =IF($A43="","",SUMIFS(ERFASSUNG!$I$6:$I$3005,ERFASSUNG!$D$6:$D$3005,$A43,ERFASSUNG!$V$6:$V$3005,$AZ$3)) | H43: =IF($A43="","",SUMIFS(ERFASSUNG!$J$6:$J$3005,ERFASSUNG!$D$6:$D$3005,$A43,ERFASSUNG!$V$6:$V$3005,$AZ$3)) | I43: =IF($A43="","",SUMIFS(ERFASSUNG!$K$6:$K$3005,ERFASSUNG!$D$6:$D$3005,$A43,ERFASSUNG!$V$6:$V$3005,$AZ$3)) | J43: =IF($A43="","",SUMIFS(ERFASSUNG!$L$6:$L$3005,ERFASSUNG!$D$6:$D$3005,$A43,ERFASSUNG!$V$6:$V$3005,$AZ$3)) | K43: =IF($A43="","",SUMIFS(ERFASSUNG!$M$6:$M$3005,ERFASSUNG!$D$6:$D$3005,$A43,ERFASSUNG!$V$6:$V$3005,$AZ$3)) | L43: =IF($A43="","",SUMIFS(ERFASSUNG!$N$6:$N$3005,ERFASSUNG!$D$6:$D$3005,$A43,ERFASSUNG!$V$6:$V$3005,$AZ$3)) | M43: =IF(OR($A43="",N($G$45)=0),"",G43/$G$45)
A44: =IF(LISTEN!$A$31="","",LISTEN!$A$31) | B44: =IF($A44="","",COUNTIFS(ERFASSUNG!$D$6:$D$3005,$A44,ERFASSUNG!$V$6:$V$3005,$AZ$3)) | C44: =IF($A44="","",SUMIFS(ERFASSUNG!$E$6:$E$3005,ERFASSUNG!$D$6:$D$3005,$A44,ERFASSUNG!$V$6:$V$3005,$AZ$3)) | D44: =IF($A44="","",SUMIFS(ERFASSUNG!$F$6:$F$3005,ERFASSUNG!$D$6:$D$3005,$A44,ERFASSUNG!$V$6:$V$3005,$AZ$3)) | E44: =IF($A44="","",SUMIFS(ERFASSUNG!$G$6:$G$3005,ERFASSUNG!$D$6:$D$3005,$A44,ERFASSUNG!$V$6:$V$3005,$AZ$3)) | F44: =IF($A44="","",SUMIFS(ERFASSUNG!$H$6:$H$3005,ERFASSUNG!$D$6:$D$3005,$A44,ERFASSUNG!$V$6:$V$3005,$AZ$3)) | G44: =IF($A44="","",SUMIFS(ERFASSUNG!$I$6:$I$3005,ERFASSUNG!$D$6:$D$3005,$A44,ERFASSUNG!$V$6:$V$3005,$AZ$3)) | H44: =IF($A44="","",SUMIFS(ERFASSUNG!$J$6:$J$3005,ERFASSUNG!$D$6:$D$3005,$A44,ERFASSUNG!$V$6:$V$3005,$AZ$3)) | I44: =IF($A44="","",SUMIFS(ERFASSUNG!$K$6:$K$3005,ERFASSUNG!$D$6:$D$3005,$A44,ERFASSUNG!$V$6:$V$3005,$AZ$3)) | J44: =IF($A44="","",SUMIFS(ERFASSUNG!$L$6:$L$3005,ERFASSUNG!$D$6:$D$3005,$A44,ERFASSUNG!$V$6:$V$3005,$AZ$3)) | K44: =IF($A44="","",SUMIFS(ERFASSUNG!$M$6:$M$3005,ERFASSUNG!$D$6:$D$3005,$A44,ERFASSUNG!$V$6:$V$3005,$AZ$3)) | L44: =IF($A44="","",SUMIFS(ERFASSUNG!$N$6:$N$3005,ERFASSUNG!$D$6:$D$3005,$A44,ERFASSUNG!$V$6:$V$3005,$AZ$3)) | M44: =IF(OR($A44="",N($G$45)=0),"",G44/$G$45)
A45: SUMME | B45: =SUM(B15:B44) | C45: =SUM(C15:C44) | D45: =SUM(D15:D44) | E45: =SUM(E15:E44) | F45: =SUM(F15:F44) | G45: =SUM(G15:G44) | H45: =SUM(H15:H44) | I45: =SUM(I15:I44) | ... L45: =SUM(L15:L44)
A47: Team im Monat | E47: Wichtiges im Monat
A48: Team | B48: Einsätze | C48: Stunden | E48: Datum | F48: Angebot | H48: Dienst | J48: Wichtig / Vorkommnisse
A49: =IF(LISTEN!$C$2="","",LISTEN!$C$2) | B49: =IF($A49="","",COUNTIFS(ERFASSUNG!$P$6:$P$3005,$A49,ERFASSUNG!$V$6:$V$3005,$AZ$3)+COUNTIFS(ERFASSUNG!$Q$6:$Q$3005,$A49,ERFASSUNG!$V$6:$V$3005,$AZ$3)+COUNTIFS(ERFASSUNG!$R$6:$R$3005,$A49,ERFASSUNG!$V$6:$V$3005,$AZ$3)) | C49: =IF($A49="","",SUMIFS(ERFASSUNG!$E$6:$E$3005,ERFASSUNG!$P$6:$P$3005,$A49,ERFASSUNG!$V$6:$V$3005,$AZ$3)+SUMIFS(ERFASSUNG!$E$6:$E$3005,ERFASSUNG!$Q$6:$Q$3005,$A49,ERFASSUNG!$V$6:$V$3005,$AZ$3)+SUMIFS(ERFASSUNG!$E$6:$E$3005,ERFASSUNG!$R$6:$R$3005,$A49,ERFASSUNG!$V$6:$V$3005,$AZ$3)) | E49: =IF($AY49="","",INDEX(ERFASSUNG!$A$6:$A$3005,$AY49)) | F49: =IF($AY49="","",INDEX(ERFASSUNG!$D$6:$D$3005,$AY49)) | H49: =IF($AY49="","",INDEX(ERFASSUNG!$P$6:$P$3005,$AY49)) | J49: =IF($AY49="","",INDEX(ERFASSUNG!$T$6:$T$3005,$AY49)) | AY49: =IFERROR(MATCH(1,ERFASSUNG!$X$6:$X$3005,0),"")
A50: =IF(LISTEN!$C$3="","",LISTEN!$C$3) | B50: =IF($A50="","",COUNTIFS(ERFASSUNG!$P$6:$P$3005,$A50,ERFASSUNG!$V$6:$V$3005,$AZ$3)+COUNTIFS(ERFASSUNG!$Q$6:$Q$3005,$A50,ERFASSUNG!$V$6:$V$3005,$AZ$3)+COUNTIFS(ERFASSUNG!$R$6:$R$3005,$A50,ERFASSUNG!$V$6:$V$3005,$AZ$3)) | C50: =IF($A50="","",SUMIFS(ERFASSUNG!$E$6:$E$3005,ERFASSUNG!$P$6:$P$3005,$A50,ERFASSUNG!$V$6:$V$3005,$AZ$3)+SUMIFS(ERFASSUNG!$E$6:$E$3005,ERFASSUNG!$Q$6:$Q$3005,$A50,ERFASSUNG!$V$6:$V$3005,$AZ$3)+SUMIFS(ERFASSUNG!$E$6:$E$3005,ERFASSUNG!$R$6:$R$3005,$A50,ERFASSUNG!$V$6:$V$3005,$AZ$3)) | E50: =IF($AY50="","",INDEX(ERFASSUNG!$A$6:$A$3005,$AY50)) | F50: =IF($AY50="","",INDEX(ERFASSUNG!$D$6:$D$3005,$AY50)) | H50: =IF($AY50="","",INDEX(ERFASSUNG!$P$6:$P$3005,$AY50)) | J50: =IF($AY50="","",INDEX(ERFASSUNG!$T$6:$T$3005,$AY50)) | AY50: =IFERROR(MATCH(2,ERFASSUNG!$X$6:$X$3005,0),"")
A51: =IF(LISTEN!$C$4="","",LISTEN!$C$4) | B51: =IF($A51="","",COUNTIFS(ERFASSUNG!$P$6:$P$3005,$A51,ERFASSUNG!$V$6:$V$3005,$AZ$3)+COUNTIFS(ERFASSUNG!$Q$6:$Q$3005,$A51,ERFASSUNG!$V$6:$V$3005,$AZ$3)+COUNTIFS(ERFASSUNG!$R$6:$R$3005,$A51,ERFASSUNG!$V$6:$V$3005,$AZ$3)) | C51: =IF($A51="","",SUMIFS(ERFASSUNG!$E$6:$E$3005,ERFASSUNG!$P$6:$P$3005,$A51,ERFASSUNG!$V$6:$V$3005,$AZ$3)+SUMIFS(ERFASSUNG!$E$6:$E$3005,ERFASSUNG!$Q$6:$Q$3005,$A51,ERFASSUNG!$V$6:$V$3005,$AZ$3)+SUMIFS(ERFASSUNG!$E$6:$E$3005,ERFASSUNG!$R$6:$R$3005,$A51,ERFASSUNG!$V$6:$V$3005,$AZ$3)) | E51: =IF($AY51="","",INDEX(ERFASSUNG!$A$6:$A$3005,$AY51)) | F51: =IF($AY51="","",INDEX(ERFASSUNG!$D$6:$D$3005,$AY51)) | H51: =IF($AY51="","",INDEX(ERFASSUNG!$P$6:$P$3005,$AY51)) | J51: =IF($AY51="","",INDEX(ERFASSUNG!$T$6:$T$3005,$AY51)) | AY51: =IFERROR(MATCH(3,ERFASSUNG!$X$6:$X$3005,0),"")
A52: =IF(LISTEN!$C$5="","",LISTEN!$C$5) | B52: =IF($A52="","",COUNTIFS(ERFASSUNG!$P$6:$P$3005,$A52,ERFASSUNG!$V$6:$V$3005,$AZ$3)+COUNTIFS(ERFASSUNG!$Q$6:$Q$3005,$A52,ERFASSUNG!$V$6:$V$3005,$AZ$3)+COUNTIFS(ERFASSUNG!$R$6:$R$3005,$A52,ERFASSUNG!$V$6:$V$3005,$AZ$3)) | C52: =IF($A52="","",SUMIFS(ERFASSUNG!$E$6:$E$3005,ERFASSUNG!$P$6:$P$3005,$A52,ERFASSUNG!$V$6:$V$3005,$AZ$3)+SUMIFS(ERFASSUNG!$E$6:$E$3005,ERFASSUNG!$Q$6:$Q$3005,$A52,ERFASSUNG!$V$6:$V$3005,$AZ$3)+SUMIFS(ERFASSUNG!$E$6:$E$3005,ERFASSUNG!$R$6:$R$3005,$A52,ERFASSUNG!$V$6:$V$3005,$AZ$3)) | E52: =IF($AY52="","",INDEX(ERFASSUNG!$A$6:$A$3005,$AY52)) | F52: =IF($AY52="","",INDEX(ERFASSUNG!$D$6:$D$3005,$AY52)) | H52: =IF($AY52="","",INDEX(ERFASSUNG!$P$6:$P$3005,$AY52)) | J52: =IF($AY52="","",INDEX(ERFASSUNG!$T$6:$T$3005,$AY52)) | AY52: =IFERROR(MATCH(4,ERFASSUNG!$X$6:$X$3005,0),"")
A53: =IF(LISTEN!$C$6="","",LISTEN!$C$6) | B53: =IF($A53="","",COUNTIFS(ERFASSUNG!$P$6:$P$3005,$A53,ERFASSUNG!$V$6:$V$3005,$AZ$3)+COUNTIFS(ERFASSUNG!$Q$6:$Q$3005,$A53,ERFASSUNG!$V$6:$V$3005,$AZ$3)+COUNTIFS(ERFASSUNG!$R$6:$R$3005,$A53,ERFASSUNG!$V$6:$V$3005,$AZ$3)) | C53: =IF($A53="","",SUMIFS(ERFASSUNG!$E$6:$E$3005,ERFASSUNG!$P$6:$P$3005,$A53,ERFASSUNG!$V$6:$V$3005,$AZ$3)+SUMIFS(ERFASSUNG!$E$6:$E$3005,ERFASSUNG!$Q$6:$Q$3005,$A53,ERFASSUNG!$V$6:$V$3005,$AZ$3)+SUMIFS(ERFASSUNG!$E$6:$E$3005,ERFASSUNG!$R$6:$R$3005,$A53,ERFASSUNG!$V$6:$V$3005,$AZ$3)) | E53: =IF($AY53="","",INDEX(ERFASSUNG!$A$6:$A$3005,$AY53)) | F53: =IF($AY53="","",INDEX(ERFASSUNG!$D$6:$D$3005,$AY53)) | H53: =IF($AY53="","",INDEX(ERFASSUNG!$P$6:$P$3005,$AY53)) | J53: =IF($AY53="","",INDEX(ERFASSUNG!$T$6:$T$3005,$AY53)) | AY53: =IFERROR(MATCH(5,ERFASSUNG!$X$6:$X$3005,0),"")
A54: =IF(LISTEN!$C$7="","",LISTEN!$C$7) | B54: =IF($A54="","",COUNTIFS(ERFASSUNG!$P$6:$P$3005,$A54,ERFASSUNG!$V$6:$V$3005,$AZ$3)+COUNTIFS(ERFASSUNG!$Q$6:$Q$3005,$A54,ERFASSUNG!$V$6:$V$3005,$AZ$3)+COUNTIFS(ERFASSUNG!$R$6:$R$3005,$A54,ERFASSUNG!$V$6:$V$3005,$AZ$3)) | C54: =IF($A54="","",SUMIFS(ERFASSUNG!$E$6:$E$3005,ERFASSUNG!$P$6:$P$3005,$A54,ERFASSUNG!$V$6:$V$3005,$AZ$3)+SUMIFS(ERFASSUNG!$E$6:$E$3005,ERFASSUNG!$Q$6:$Q$3005,$A54,ERFASSUNG!$V$6:$V$3005,$AZ$3)+SUMIFS(ERFASSUNG!$E$6:$E$3005,ERFASSUNG!$R$6:$R$3005,$A54,ERFASSUNG!$V$6:$V$3005,$AZ$3)) | E54: =IF($AY54="","",INDEX(ERFASSUNG!$A$6:$A$3005,$AY54)) | F54: =IF($AY54="","",INDEX(ERFASSUNG!$D$6:$D$3005,$AY54)) | H54: =IF($AY54="","",INDEX(ERFASSUNG!$P$6:$P$3005,$AY54)) | J54: =IF($AY54="","",INDEX(ERFASSUNG!$T$6:$T$3005,$AY54)) | AY54: =IFERROR(MATCH(6,ERFASSUNG!$X$6:$X$3005,0),"")
A55: =IF(LISTEN!$C$8="","",LISTEN!$C$8) | B55: =IF($A55="","",COUNTIFS(ERFASSUNG!$P$6:$P$3005,$A55,ERFASSUNG!$V$6:$V$3005,$AZ$3)+COUNTIFS(ERFASSUNG!$Q$6:$Q$3005,$A55,ERFASSUNG!$V$6:$V$3005,$AZ$3)+COUNTIFS(ERFASSUNG!$R$6:$R$3005,$A55,ERFASSUNG!$V$6:$V$3005,$AZ$3)) | C55: =IF($A55="","",SUMIFS(ERFASSUNG!$E$6:$E$3005,ERFASSUNG!$P$6:$P$3005,$A55,ERFASSUNG!$V$6:$V$3005,$AZ$3)+SUMIFS(ERFASSUNG!$E$6:$E$3005,ERFASSUNG!$Q$6:$Q$3005,$A55,ERFASSUNG!$V$6:$V$3005,$AZ$3)+SUMIFS(ERFASSUNG!$E$6:$E$3005,ERFASSUNG!$R$6:$R$3005,$A55,ERFASSUNG!$V$6:$V$3005,$AZ$3)) | E55: =IF($AY55="","",INDEX(ERFASSUNG!$A$6:$A$3005,$AY55)) | F55: =IF($AY55="","",INDEX(ERFASSUNG!$D$6:$D$3005,$AY55)) | H55: =IF($AY55="","",INDEX(ERFASSUNG!$P$6:$P$3005,$AY55)) | J55: =IF($AY55="","",INDEX(ERFASSUNG!$T$6:$T$3005,$AY55)) | AY55: =IFERROR(MATCH(7,ERFASSUNG!$X$6:$X$3005,0),"")
A56: =IF(LISTEN!$C$9="","",LISTEN!$C$9) | B56: =IF($A56="","",COUNTIFS(ERFASSUNG!$P$6:$P$3005,$A56,ERFASSUNG!$V$6:$V$3005,$AZ$3)+COUNTIFS(ERFASSUNG!$Q$6:$Q$3005,$A56,ERFASSUNG!$V$6:$V$3005,$AZ$3)+COUNTIFS(ERFASSUNG!$R$6:$R$3005,$A56,ERFASSUNG!$V$6:$V$3005,$AZ$3)) | C56: =IF($A56="","",SUMIFS(ERFASSUNG!$E$6:$E$3005,ERFASSUNG!$P$6:$P$3005,$A56,ERFASSUNG!$V$6:$V$3005,$AZ$3)+SUMIFS(ERFASSUNG!$E$6:$E$3005,ERFASSUNG!$Q$6:$Q$3005,$A56,ERFASSUNG!$V$6:$V$3005,$AZ$3)+SUMIFS(ERFASSUNG!$E$6:$E$3005,ERFASSUNG!$R$6:$R$3005,$A56,ERFASSUNG!$V$6:$V$3005,$AZ$3)) | E56: =IF($AY56="","",INDEX(ERFASSUNG!$A$6:$A$3005,$AY56)) | F56: =IF($AY56="","",INDEX(ERFASSUNG!$D$6:$D$3005,$AY56)) | H56: =IF($AY56="","",INDEX(ERFASSUNG!$P$6:$P$3005,$AY56)) | J56: =IF($AY56="","",INDEX(ERFASSUNG!$T$6:$T$3005,$AY56)) | AY56: =IFERROR(MATCH(8,ERFASSUNG!$X$6:$X$3005,0),"")
A57: =IF(LISTEN!$C$10="","",LISTEN!$C$10) | B57: =IF($A57="","",COUNTIFS(ERFASSUNG!$P$6:$P$3005,$A57,ERFASSUNG!$V$6:$V$3005,$AZ$3)+COUNTIFS(ERFASSUNG!$Q$6:$Q$3005,$A57,ERFASSUNG!$V$6:$V$3005,$AZ$3)+COUNTIFS(ERFASSUNG!$R$6:$R$3005,$A57,ERFASSUNG!$V$6:$V$3005,$AZ$3)) | C57: =IF($A57="","",SUMIFS(ERFASSUNG!$E$6:$E$3005,ERFASSUNG!$P$6:$P$3005,$A57,ERFASSUNG!$V$6:$V$3005,$AZ$3)+SUMIFS(ERFASSUNG!$E$6:$E$3005,ERFASSUNG!$Q$6:$Q$3005,$A57,ERFASSUNG!$V$6:$V$3005,$AZ$3)+SUMIFS(ERFASSUNG!$E$6:$E$3005,ERFASSUNG!$R$6:$R$3005,$A57,ERFASSUNG!$V$6:$V$3005,$AZ$3)) | E57: =IF($AY57="","",INDEX(ERFASSUNG!$A$6:$A$3005,$AY57)) | F57: =IF($AY57="","",INDEX(ERFASSUNG!$D$6:$D$3005,$AY57)) | H57: =IF($AY57="","",INDEX(ERFASSUNG!$P$6:$P$3005,$AY57)) | J57: =IF($AY57="","",INDEX(ERFASSUNG!$T$6:$T$3005,$AY57)) | AY57: =IFERROR(MATCH(9,ERFASSUNG!$X$6:$X$3005,0),"")
A58: =IF(LISTEN!$C$11="","",LISTEN!$C$11) | B58: =IF($A58="","",COUNTIFS(ERFASSUNG!$P$6:$P$3005,$A58,ERFASSUNG!$V$6:$V$3005,$AZ$3)+COUNTIFS(ERFASSUNG!$Q$6:$Q$3005,$A58,ERFASSUNG!$V$6:$V$3005,$AZ$3)+COUNTIFS(ERFASSUNG!$R$6:$R$3005,$A58,ERFASSUNG!$V$6:$V$3005,$AZ$3)) | C58: =IF($A58="","",SUMIFS(ERFASSUNG!$E$6:$E$3005,ERFASSUNG!$P$6:$P$3005,$A58,ERFASSUNG!$V$6:$V$3005,$AZ$3)+SUMIFS(ERFASSUNG!$E$6:$E$3005,ERFASSUNG!$Q$6:$Q$3005,$A58,ERFASSUNG!$V$6:$V$3005,$AZ$3)+SUMIFS(ERFASSUNG!$E$6:$E$3005,ERFASSUNG!$R$6:$R$3005,$A58,ERFASSUNG!$V$6:$V$3005,$AZ$3)) | E58: =IF($AY58="","",INDEX(ERFASSUNG!$A$6:$A$3005,$AY58)) | F58: =IF($AY58="","",INDEX(ERFASSUNG!$D$6:$D$3005,$AY58)) | H58: =IF($AY58="","",INDEX(ERFASSUNG!$P$6:$P$3005,$AY58)) | J58: =IF($AY58="","",INDEX(ERFASSUNG!$T$6:$T$3005,$AY58)) | AY58: =IFERROR(MATCH(10,ERFASSUNG!$X$6:$X$3005,0),"")
A59: =IF(LISTEN!$C$12="","",LISTEN!$C$12) | B59: =IF($A59="","",COUNTIFS(ERFASSUNG!$P$6:$P$3005,$A59,ERFASSUNG!$V$6:$V$3005,$AZ$3)+COUNTIFS(ERFASSUNG!$Q$6:$Q$3005,$A59,ERFASSUNG!$V$6:$V$3005,$AZ$3)+COUNTIFS(ERFASSUNG!$R$6:$R$3005,$A59,ERFASSUNG!$V$6:$V$3005,$AZ$3)) | C59: =IF($A59="","",SUMIFS(ERFASSUNG!$E$6:$E$3005,ERFASSUNG!$P$6:$P$3005,$A59,ERFASSUNG!$V$6:$V$3005,$AZ$3)+SUMIFS(ERFASSUNG!$E$6:$E$3005,ERFASSUNG!$Q$6:$Q$3005,$A59,ERFASSUNG!$V$6:$V$3005,$AZ$3)+SUMIFS(ERFASSUNG!$E$6:$E$3005,ERFASSUNG!$R$6:$R$3005,$A59,ERFASSUNG!$V$6:$V$3005,$AZ$3)) | E59: =IF($AY59="","",INDEX(ERFASSUNG!$A$6:$A$3005,$AY59)) | F59: =IF($AY59="","",INDEX(ERFASSUNG!$D$6:$D$3005,$AY59)) | H59: =IF($AY59="","",INDEX(ERFASSUNG!$P$6:$P$3005,$AY59)) | J59: =IF($AY59="","",INDEX(ERFASSUNG!$T$6:$T$3005,$AY59)) | AY59: =IFERROR(MATCH(11,ERFASSUNG!$X$6:$X$3005,0),"")
A60: =IF(LISTEN!$C$13="","",LISTEN!$C$13) | B60: =IF($A60="","",COUNTIFS(ERFASSUNG!$P$6:$P$3005,$A60,ERFASSUNG!$V$6:$V$3005,$AZ$3)+COUNTIFS(ERFASSUNG!$Q$6:$Q$3005,$A60,ERFASSUNG!$V$6:$V$3005,$AZ$3)+COUNTIFS(ERFASSUNG!$R$6:$R$3005,$A60,ERFASSUNG!$V$6:$V$3005,$AZ$3)) | C60: =IF($A60="","",SUMIFS(ERFASSUNG!$E$6:$E$3005,ERFASSUNG!$P$6:$P$3005,$A60,ERFASSUNG!$V$6:$V$3005,$AZ$3)+SUMIFS(ERFASSUNG!$E$6:$E$3005,ERFASSUNG!$Q$6:$Q$3005,$A60,ERFASSUNG!$V$6:$V$3005,$AZ$3)+SUMIFS(ERFASSUNG!$E$6:$E$3005,ERFASSUNG!$R$6:$R$3005,$A60,ERFASSUNG!$V$6:$V$3005,$AZ$3)) | E60: =IF($AY60="","",INDEX(ERFASSUNG!$A$6:$A$3005,$AY60)) | F60: =IF($AY60="","",INDEX(ERFASSUNG!$D$6:$D$3005,$AY60)) | H60: =IF($AY60="","",INDEX(ERFASSUNG!$P$6:$P$3005,$AY60)) | J60: =IF($AY60="","",INDEX(ERFASSUNG!$T$6:$T$3005,$AY60)) | AY60: =IFERROR(MATCH(12,ERFASSUNG!$X$6:$X$3005,0),"")
A61: =IF(LISTEN!$C$14="","",LISTEN!$C$14) | B61: =IF($A61="","",COUNTIFS(ERFASSUNG!$P$6:$P$3005,$A61,ERFASSUNG!$V$6:$V$3005,$AZ$3)+COUNTIFS(ERFASSUNG!$Q$6:$Q$3005,$A61,ERFASSUNG!$V$6:$V$3005,$AZ$3)+COUNTIFS(ERFASSUNG!$R$6:$R$3005,$A61,ERFASSUNG!$V$6:$V$3005,$AZ$3)) | C61: =IF($A61="","",SUMIFS(ERFASSUNG!$E$6:$E$3005,ERFASSUNG!$P$6:$P$3005,$A61,ERFASSUNG!$V$6:$V$3005,$AZ$3)+SUMIFS(ERFASSUNG!$E$6:$E$3005,ERFASSUNG!$Q$6:$Q$3005,$A61,ERFASSUNG!$V$6:$V$3005,$AZ$3)+SUMIFS(ERFASSUNG!$E$6:$E$3005,ERFASSUNG!$R$6:$R$3005,$A61,ERFASSUNG!$V$6:$V$3005,$AZ$3)) | E61: =IF($AY61="","",INDEX(ERFASSUNG!$A$6:$A$3005,$AY61)) | F61: =IF($AY61="","",INDEX(ERFASSUNG!$D$6:$D$3005,$AY61)) | H61: =IF($AY61="","",INDEX(ERFASSUNG!$P$6:$P$3005,$AY61)) | J61: =IF($AY61="","",INDEX(ERFASSUNG!$T$6:$T$3005,$AY61)) | AY61: =IFERROR(MATCH(13,ERFASSUNG!$X$6:$X$3005,0),"")
A62: =IF(LISTEN!$C$15="","",LISTEN!$C$15) | B62: =IF($A62="","",COUNTIFS(ERFASSUNG!$P$6:$P$3005,$A62,ERFASSUNG!$V$6:$V$3005,$AZ$3)+COUNTIFS(ERFASSUNG!$Q$6:$Q$3005,$A62,ERFASSUNG!$V$6:$V$3005,$AZ$3)+COUNTIFS(ERFASSUNG!$R$6:$R$3005,$A62,ERFASSUNG!$V$6:$V$3005,$AZ$3)) | C62: =IF($A62="","",SUMIFS(ERFASSUNG!$E$6:$E$3005,ERFASSUNG!$P$6:$P$3005,$A62,ERFASSUNG!$V$6:$V$3005,$AZ$3)+SUMIFS(ERFASSUNG!$E$6:$E$3005,ERFASSUNG!$Q$6:$Q$3005,$A62,ERFASSUNG!$V$6:$V$3005,$AZ$3)+SUMIFS(ERFASSUNG!$E$6:$E$3005,ERFASSUNG!$R$6:$R$3005,$A62,ERFASSUNG!$V$6:$V$3005,$AZ$3)) | E62: =IF($AY62="","",INDEX(ERFASSUNG!$A$6:$A$3005,$AY62)) | F62: =IF($AY62="","",INDEX(ERFASSUNG!$D$6:$D$3005,$AY62)) | H62: =IF($AY62="","",INDEX(ERFASSUNG!$P$6:$P$3005,$AY62)) | J62: =IF($AY62="","",INDEX(ERFASSUNG!$T$6:$T$3005,$AY62)) | AY62: =IFERROR(MATCH(14,ERFASSUNG!$X$6:$X$3005,0),"")
A63: =IF(LISTEN!$C$16="","",LISTEN!$C$16) | B63: =IF($A63="","",COUNTIFS(ERFASSUNG!$P$6:$P$3005,$A63,ERFASSUNG!$V$6:$V$3005,$AZ$3)+COUNTIFS(ERFASSUNG!$Q$6:$Q$3005,$A63,ERFASSUNG!$V$6:$V$3005,$AZ$3)+COUNTIFS(ERFASSUNG!$R$6:$R$3005,$A63,ERFASSUNG!$V$6:$V$3005,$AZ$3)) | C63: =IF($A63="","",SUMIFS(ERFASSUNG!$E$6:$E$3005,ERFASSUNG!$P$6:$P$3005,$A63,ERFASSUNG!$V$6:$V$3005,$AZ$3)+SUMIFS(ERFASSUNG!$E$6:$E$3005,ERFASSUNG!$Q$6:$Q$3005,$A63,ERFASSUNG!$V$6:$V$3005,$AZ$3)+SUMIFS(ERFASSUNG!$E$6:$E$3005,ERFASSUNG!$R$6:$R$3005,$A63,ERFASSUNG!$V$6:$V$3005,$AZ$3)) | E63: =IF($AY63="","",INDEX(ERFASSUNG!$A$6:$A$3005,$AY63)) | F63: =IF($AY63="","",INDEX(ERFASSUNG!$D$6:$D$3005,$AY63)) | H63: =IF($AY63="","",INDEX(ERFASSUNG!$P$6:$P$3005,$AY63)) | J63: =IF($AY63="","",INDEX(ERFASSUNG!$T$6:$T$3005,$AY63)) | AY63: =IFERROR(MATCH(15,ERFASSUNG!$X$6:$X$3005,0),"")
A64: =IF(LISTEN!$C$17="","",LISTEN!$C$17) | B64: =IF($A64="","",COUNTIFS(ERFASSUNG!$P$6:$P$3005,$A64,ERFASSUNG!$V$6:$V$3005,$AZ$3)+COUNTIFS(ERFASSUNG!$Q$6:$Q$3005,$A64,ERFASSUNG!$V$6:$V$3005,$AZ$3)+COUNTIFS(ERFASSUNG!$R$6:$R$3005,$A64,ERFASSUNG!$V$6:$V$3005,$AZ$3)) | C64: =IF($A64="","",SUMIFS(ERFASSUNG!$E$6:$E$3005,ERFASSUNG!$P$6:$P$3005,$A64,ERFASSUNG!$V$6:$V$3005,$AZ$3)+SUMIFS(ERFASSUNG!$E$6:$E$3005,ERFASSUNG!$Q$6:$Q$3005,$A64,ERFASSUNG!$V$6:$V$3005,$AZ$3)+SUMIFS(ERFASSUNG!$E$6:$E$3005,ERFASSUNG!$R$6:$R$3005,$A64,ERFASSUNG!$V$6:$V$3005,$AZ$3)) | E64: =IF($AY64="","",INDEX(ERFASSUNG!$A$6:$A$3005,$AY64)) | F64: =IF($AY64="","",INDEX(ERFASSUNG!$D$6:$D$3005,$AY64)) | H64: =IF($AY64="","",INDEX(ERFASSUNG!$P$6:$P$3005,$AY64)) | J64: =IF($AY64="","",INDEX(ERFASSUNG!$T$6:$T$3005,$AY64)) | AY64: =IFERROR(MATCH(16,ERFASSUNG!$X$6:$X$3005,0),"")
A65: =IF(LISTEN!$C$18="","",LISTEN!$C$18) | B65: =IF($A65="","",COUNTIFS(ERFASSUNG!$P$6:$P$3005,$A65,ERFASSUNG!$V$6:$V$3005,$AZ$3)+COUNTIFS(ERFASSUNG!$Q$6:$Q$3005,$A65,ERFASSUNG!$V$6:$V$3005,$AZ$3)+COUNTIFS(ERFASSUNG!$R$6:$R$3005,$A65,ERFASSUNG!$V$6:$V$3005,$AZ$3)) | C65: =IF($A65="","",SUMIFS(ERFASSUNG!$E$6:$E$3005,ERFASSUNG!$P$6:$P$3005,$A65,ERFASSUNG!$V$6:$V$3005,$AZ$3)+SUMIFS(ERFASSUNG!$E$6:$E$3005,ERFASSUNG!$Q$6:$Q$3005,$A65,ERFASSUNG!$V$6:$V$3005,$AZ$3)+SUMIFS(ERFASSUNG!$E$6:$E$3005,ERFASSUNG!$R$6:$R$3005,$A65,ERFASSUNG!$V$6:$V$3005,$AZ$3)) | E65: =IF($AY65="","",INDEX(ERFASSUNG!$A$6:$A$3005,$AY65)) | F65: =IF($AY65="","",INDEX(ERFASSUNG!$D$6:$D$3005,$AY65)) | H65: =IF($AY65="","",INDEX(ERFASSUNG!$P$6:$P$3005,$AY65)) | J65: =IF($AY65="","",INDEX(ERFASSUNG!$T$6:$T$3005,$AY65)) | AY65: =IFERROR(MATCH(17,ERFASSUNG!$X$6:$X$3005,0),"")
A66: =IF(LISTEN!$C$19="","",LISTEN!$C$19) | B66: =IF($A66="","",COUNTIFS(ERFASSUNG!$P$6:$P$3005,$A66,ERFASSUNG!$V$6:$V$3005,$AZ$3)+COUNTIFS(ERFASSUNG!$Q$6:$Q$3005,$A66,ERFASSUNG!$V$6:$V$3005,$AZ$3)+COUNTIFS(ERFASSUNG!$R$6:$R$3005,$A66,ERFASSUNG!$V$6:$V$3005,$AZ$3)) | C66: =IF($A66="","",SUMIFS(ERFASSUNG!$E$6:$E$3005,ERFASSUNG!$P$6:$P$3005,$A66,ERFASSUNG!$V$6:$V$3005,$AZ$3)+SUMIFS(ERFASSUNG!$E$6:$E$3005,ERFASSUNG!$Q$6:$Q$3005,$A66,ERFASSUNG!$V$6:$V$3005,$AZ$3)+SUMIFS(ERFASSUNG!$E$6:$E$3005,ERFASSUNG!$R$6:$R$3005,$A66,ERFASSUNG!$V$6:$V$3005,$AZ$3)) | E66: =IF($AY66="","",INDEX(ERFASSUNG!$A$6:$A$3005,$AY66)) | F66: =IF($AY66="","",INDEX(ERFASSUNG!$D$6:$D$3005,$AY66)) | H66: =IF($AY66="","",INDEX(ERFASSUNG!$P$6:$P$3005,$AY66)) | J66: =IF($AY66="","",INDEX(ERFASSUNG!$T$6:$T$3005,$AY66)) | AY66: =IFERROR(MATCH(18,ERFASSUNG!$X$6:$X$3005,0),"")
A67: =IF(LISTEN!$C$20="","",LISTEN!$C$20) | B67: =IF($A67="","",COUNTIFS(ERFASSUNG!$P$6:$P$3005,$A67,ERFASSUNG!$V$6:$V$3005,$AZ$3)+COUNTIFS(ERFASSUNG!$Q$6:$Q$3005,$A67,ERFASSUNG!$V$6:$V$3005,$AZ$3)+COUNTIFS(ERFASSUNG!$R$6:$R$3005,$A67,ERFASSUNG!$V$6:$V$3005,$AZ$3)) | C67: =IF($A67="","",SUMIFS(ERFASSUNG!$E$6:$E$3005,ERFASSUNG!$P$6:$P$3005,$A67,ERFASSUNG!$V$6:$V$3005,$AZ$3)+SUMIFS(ERFASSUNG!$E$6:$E$3005,ERFASSUNG!$Q$6:$Q$3005,$A67,ERFASSUNG!$V$6:$V$3005,$AZ$3)+SUMIFS(ERFASSUNG!$E$6:$E$3005,ERFASSUNG!$R$6:$R$3005,$A67,ERFASSUNG!$V$6:$V$3005,$AZ$3)) | E67: =IF($AY67="","",INDEX(ERFASSUNG!$A$6:$A$3005,$AY67)) | F67: =IF($AY67="","",INDEX(ERFASSUNG!$D$6:$D$3005,$AY67)) | H67: =IF($AY67="","",INDEX(ERFASSUNG!$P$6:$P$3005,$AY67)) | J67: =IF($AY67="","",INDEX(ERFASSUNG!$T$6:$T$3005,$AY67)) | AY67: =IFERROR(MATCH(19,ERFASSUNG!$X$6:$X$3005,0),"")
A68: =IF(LISTEN!$C$21="","",LISTEN!$C$21) | B68: =IF($A68="","",COUNTIFS(ERFASSUNG!$P$6:$P$3005,$A68,ERFASSUNG!$V$6:$V$3005,$AZ$3)+COUNTIFS(ERFASSUNG!$Q$6:$Q$3005,$A68,ERFASSUNG!$V$6:$V$3005,$AZ$3)+COUNTIFS(ERFASSUNG!$R$6:$R$3005,$A68,ERFASSUNG!$V$6:$V$3005,$AZ$3)) | C68: =IF($A68="","",SUMIFS(ERFASSUNG!$E$6:$E$3005,ERFASSUNG!$P$6:$P$3005,$A68,ERFASSUNG!$V$6:$V$3005,$AZ$3)+SUMIFS(ERFASSUNG!$E$6:$E$3005,ERFASSUNG!$Q$6:$Q$3005,$A68,ERFASSUNG!$V$6:$V$3005,$AZ$3)+SUMIFS(ERFASSUNG!$E$6:$E$3005,ERFASSUNG!$R$6:$R$3005,$A68,ERFASSUNG!$V$6:$V$3005,$AZ$3)) | E68: =IF($AY68="","",INDEX(ERFASSUNG!$A$6:$A$3005,$AY68)) | F68: =IF($AY68="","",INDEX(ERFASSUNG!$D$6:$D$3005,$AY68)) | H68: =IF($AY68="","",INDEX(ERFASSUNG!$P$6:$P$3005,$AY68)) | J68: =IF($AY68="","",INDEX(ERFASSUNG!$T$6:$T$3005,$AY68)) | AY68: =IFERROR(MATCH(20,ERFASSUNG!$X$6:$X$3005,0),"")
A69: =IF(LISTEN!$C$22="","",LISTEN!$C$22) | B69: =IF($A69="","",COUNTIFS(ERFASSUNG!$P$6:$P$3005,$A69,ERFASSUNG!$V$6:$V$3005,$AZ$3)+COUNTIFS(ERFASSUNG!$Q$6:$Q$3005,$A69,ERFASSUNG!$V$6:$V$3005,$AZ$3)+COUNTIFS(ERFASSUNG!$R$6:$R$3005,$A69,ERFASSUNG!$V$6:$V$3005,$AZ$3)) | C69: =IF($A69="","",SUMIFS(ERFASSUNG!$E$6:$E$3005,ERFASSUNG!$P$6:$P$3005,$A69,ERFASSUNG!$V$6:$V$3005,$AZ$3)+SUMIFS(ERFASSUNG!$E$6:$E$3005,ERFASSUNG!$Q$6:$Q$3005,$A69,ERFASSUNG!$V$6:$V$3005,$AZ$3)+SUMIFS(ERFASSUNG!$E$6:$E$3005,ERFASSUNG!$R$6:$R$3005,$A69,ERFASSUNG!$V$6:$V$3005,$AZ$3)) | E69: =IF($AY69="","",INDEX(ERFASSUNG!$A$6:$A$3005,$AY69)) | F69: =IF($AY69="","",INDEX(ERFASSUNG!$D$6:$D$3005,$AY69)) | H69: =IF($AY69="","",INDEX(ERFASSUNG!$P$6:$P$3005,$AY69)) | J69: =IF($AY69="","",INDEX(ERFASSUNG!$T$6:$T$3005,$AY69)) | AY69: =IFERROR(MATCH(21,ERFASSUNG!$X$6:$X$3005,0),"")
A70: =IF(LISTEN!$C$23="","",LISTEN!$C$23) | B70: =IF($A70="","",COUNTIFS(ERFASSUNG!$P$6:$P$3005,$A70,ERFASSUNG!$V$6:$V$3005,$AZ$3)+COUNTIFS(ERFASSUNG!$Q$6:$Q$3005,$A70,ERFASSUNG!$V$6:$V$3005,$AZ$3)+COUNTIFS(ERFASSUNG!$R$6:$R$3005,$A70,ERFASSUNG!$V$6:$V$3005,$AZ$3)) | C70: =IF($A70="","",SUMIFS(ERFASSUNG!$E$6:$E$3005,ERFASSUNG!$P$6:$P$3005,$A70,ERFASSUNG!$V$6:$V$3005,$AZ$3)+SUMIFS(ERFASSUNG!$E$6:$E$3005,ERFASSUNG!$Q$6:$Q$3005,$A70,ERFASSUNG!$V$6:$V$3005,$AZ$3)+SUMIFS(ERFASSUNG!$E$6:$E$3005,ERFASSUNG!$R$6:$R$3005,$A70,ERFASSUNG!$V$6:$V$3005,$AZ$3)) | E70: =IF($AY70="","",INDEX(ERFASSUNG!$A$6:$A$3005,$AY70)) | F70: =IF($AY70="","",INDEX(ERFASSUNG!$D$6:$D$3005,$AY70)) | H70: =IF($AY70="","",INDEX(ERFASSUNG!$P$6:$P$3005,$AY70)) | J70: =IF($AY70="","",INDEX(ERFASSUNG!$T$6:$T$3005,$AY70)) | AY70: =IFERROR(MATCH(22,ERFASSUNG!$X$6:$X$3005,0),"")
A71: =IF(LISTEN!$C$24="","",LISTEN!$C$24) | B71: =IF($A71="","",COUNTIFS(ERFASSUNG!$P$6:$P$3005,$A71,ERFASSUNG!$V$6:$V$3005,$AZ$3)+COUNTIFS(ERFASSUNG!$Q$6:$Q$3005,$A71,ERFASSUNG!$V$6:$V$3005,$AZ$3)+COUNTIFS(ERFASSUNG!$R$6:$R$3005,$A71,ERFASSUNG!$V$6:$V$3005,$AZ$3)) | C71: =IF($A71="","",SUMIFS(ERFASSUNG!$E$6:$E$3005,ERFASSUNG!$P$6:$P$3005,$A71,ERFASSUNG!$V$6:$V$3005,$AZ$3)+SUMIFS(ERFASSUNG!$E$6:$E$3005,ERFASSUNG!$Q$6:$Q$3005,$A71,ERFASSUNG!$V$6:$V$3005,$AZ$3)+SUMIFS(ERFASSUNG!$E$6:$E$3005,ERFASSUNG!$R$6:$R$3005,$A71,ERFASSUNG!$V$6:$V$3005,$AZ$3)) | E71: =IF($AY71="","",INDEX(ERFASSUNG!$A$6:$A$3005,$AY71)) | F71: =IF($AY71="","",INDEX(ERFASSUNG!$D$6:$D$3005,$AY71)) | H71: =IF($AY71="","",INDEX(ERFASSUNG!$P$6:$P$3005,$AY71)) | J71: =IF($AY71="","",INDEX(ERFASSUNG!$T$6:$T$3005,$AY71)) | AY71: =IFERROR(MATCH(23,ERFASSUNG!$X$6:$X$3005,0),"")
A72: =IF(LISTEN!$C$25="","",LISTEN!$C$25) | B72: =IF($A72="","",COUNTIFS(ERFASSUNG!$P$6:$P$3005,$A72,ERFASSUNG!$V$6:$V$3005,$AZ$3)+COUNTIFS(ERFASSUNG!$Q$6:$Q$3005,$A72,ERFASSUNG!$V$6:$V$3005,$AZ$3)+COUNTIFS(ERFASSUNG!$R$6:$R$3005,$A72,ERFASSUNG!$V$6:$V$3005,$AZ$3)) | C72: =IF($A72="","",SUMIFS(ERFASSUNG!$E$6:$E$3005,ERFASSUNG!$P$6:$P$3005,$A72,ERFASSUNG!$V$6:$V$3005,$AZ$3)+SUMIFS(ERFASSUNG!$E$6:$E$3005,ERFASSUNG!$Q$6:$Q$3005,$A72,ERFASSUNG!$V$6:$V$3005,$AZ$3)+SUMIFS(ERFASSUNG!$E$6:$E$3005,ERFASSUNG!$R$6:$R$3005,$A72,ERFASSUNG!$V$6:$V$3005,$AZ$3)) | E72: =IF($AY72="","",INDEX(ERFASSUNG!$A$6:$A$3005,$AY72)) | F72: =IF($AY72="","",INDEX(ERFASSUNG!$D$6:$D$3005,$AY72)) | H72: =IF($AY72="","",INDEX(ERFASSUNG!$P$6:$P$3005,$AY72)) | J72: =IF($AY72="","",INDEX(ERFASSUNG!$T$6:$T$3005,$AY72)) | AY72: =IFERROR(MATCH(24,ERFASSUNG!$X$6:$X$3005,0),"")
A73: =IF(LISTEN!$C$26="","",LISTEN!$C$26) | B73: =IF($A73="","",COUNTIFS(ERFASSUNG!$P$6:$P$3005,$A73,ERFASSUNG!$V$6:$V$3005,$AZ$3)+COUNTIFS(ERFASSUNG!$Q$6:$Q$3005,$A73,ERFASSUNG!$V$6:$V$3005,$AZ$3)+COUNTIFS(ERFASSUNG!$R$6:$R$3005,$A73,ERFASSUNG!$V$6:$V$3005,$AZ$3)) | C73: =IF($A73="","",SUMIFS(ERFASSUNG!$E$6:$E$3005,ERFASSUNG!$P$6:$P$3005,$A73,ERFASSUNG!$V$6:$V$3005,$AZ$3)+SUMIFS(ERFASSUNG!$E$6:$E$3005,ERFASSUNG!$Q$6:$Q$3005,$A73,ERFASSUNG!$V$6:$V$3005,$AZ$3)+SUMIFS(ERFASSUNG!$E$6:$E$3005,ERFASSUNG!$R$6:$R$3005,$A73,ERFASSUNG!$V$6:$V$3005,$AZ$3)) | E73: =IF($AY73="","",INDEX(ERFASSUNG!$A$6:$A$3005,$AY73)) | F73: =IF($AY73="","",INDEX(ERFASSUNG!$D$6:$D$3005,$AY73)) | H73: =IF($AY73="","",INDEX(ERFASSUNG!$P$6:$P$3005,$AY73)) | J73: =IF($AY73="","",INDEX(ERFASSUNG!$T$6:$T$3005,$AY73)) | AY73: =IFERROR(MATCH(25,ERFASSUNG!$X$6:$X$3005,0),"")
A74: =IF(LISTEN!$C$27="","",LISTEN!$C$27) | B74: =IF($A74="","",COUNTIFS(ERFASSUNG!$P$6:$P$3005,$A74,ERFASSUNG!$V$6:$V$3005,$AZ$3)+COUNTIFS(ERFASSUNG!$Q$6:$Q$3005,$A74,ERFASSUNG!$V$6:$V$3005,$AZ$3)+COUNTIFS(ERFASSUNG!$R$6:$R$3005,$A74,ERFASSUNG!$V$6:$V$3005,$AZ$3)) | C74: =IF($A74="","",SUMIFS(ERFASSUNG!$E$6:$E$3005,ERFASSUNG!$P$6:$P$3005,$A74,ERFASSUNG!$V$6:$V$3005,$AZ$3)+SUMIFS(ERFASSUNG!$E$6:$E$3005,ERFASSUNG!$Q$6:$Q$3005,$A74,ERFASSUNG!$V$6:$V$3005,$AZ$3)+SUMIFS(ERFASSUNG!$E$6:$E$3005,ERFASSUNG!$R$6:$R$3005,$A74,ERFASSUNG!$V$6:$V$3005,$AZ$3)) | E74: =IF($AY74="","",INDEX(ERFASSUNG!$A$6:$A$3005,$AY74)) | F74: =IF($AY74="","",INDEX(ERFASSUNG!$D$6:$D$3005,$AY74)) | H74: =IF($AY74="","",INDEX(ERFASSUNG!$P$6:$P$3005,$AY74)) | J74: =IF($AY74="","",INDEX(ERFASSUNG!$T$6:$T$3005,$AY74)) | AY74: =IFERROR(MATCH(26,ERFASSUNG!$X$6:$X$3005,0),"")
A75: =IF(LISTEN!$C$28="","",LISTEN!$C$28) | B75: =IF($A75="","",COUNTIFS(ERFASSUNG!$P$6:$P$3005,$A75,ERFASSUNG!$V$6:$V$3005,$AZ$3)+COUNTIFS(ERFASSUNG!$Q$6:$Q$3005,$A75,ERFASSUNG!$V$6:$V$3005,$AZ$3)+COUNTIFS(ERFASSUNG!$R$6:$R$3005,$A75,ERFASSUNG!$V$6:$V$3005,$AZ$3)) | C75: =IF($A75="","",SUMIFS(ERFASSUNG!$E$6:$E$3005,ERFASSUNG!$P$6:$P$3005,$A75,ERFASSUNG!$V$6:$V$3005,$AZ$3)+SUMIFS(ERFASSUNG!$E$6:$E$3005,ERFASSUNG!$Q$6:$Q$3005,$A75,ERFASSUNG!$V$6:$V$3005,$AZ$3)+SUMIFS(ERFASSUNG!$E$6:$E$3005,ERFASSUNG!$R$6:$R$3005,$A75,ERFASSUNG!$V$6:$V$3005,$AZ$3)) | E75: =IF($AY75="","",INDEX(ERFASSUNG!$A$6:$A$3005,$AY75)) | F75: =IF($AY75="","",INDEX(ERFASSUNG!$D$6:$D$3005,$AY75)) | H75: =IF($AY75="","",INDEX(ERFASSUNG!$P$6:$P$3005,$AY75)) | J75: =IF($AY75="","",INDEX(ERFASSUNG!$T$6:$T$3005,$AY75)) | AY75: =IFERROR(MATCH(27,ERFASSUNG!$X$6:$X$3005,0),"")
A76: =IF(LISTEN!$C$29="","",LISTEN!$C$29) | B76: =IF($A76="","",COUNTIFS(ERFASSUNG!$P$6:$P$3005,$A76,ERFASSUNG!$V$6:$V$3005,$AZ$3)+COUNTIFS(ERFASSUNG!$Q$6:$Q$3005,$A76,ERFASSUNG!$V$6:$V$3005,$AZ$3)+COUNTIFS(ERFASSUNG!$R$6:$R$3005,$A76,ERFASSUNG!$V$6:$V$3005,$AZ$3)) | C76: =IF($A76="","",SUMIFS(ERFASSUNG!$E$6:$E$3005,ERFASSUNG!$P$6:$P$3005,$A76,ERFASSUNG!$V$6:$V$3005,$AZ$3)+SUMIFS(ERFASSUNG!$E$6:$E$3005,ERFASSUNG!$Q$6:$Q$3005,$A76,ERFASSUNG!$V$6:$V$3005,$AZ$3)+SUMIFS(ERFASSUNG!$E$6:$E$3005,ERFASSUNG!$R$6:$R$3005,$A76,ERFASSUNG!$V$6:$V$3005,$AZ$3)) | E76: =IF($AY76="","",INDEX(ERFASSUNG!$A$6:$A$3005,$AY76)) | F76: =IF($AY76="","",INDEX(ERFASSUNG!$D$6:$D$3005,$AY76)) | H76: =IF($AY76="","",INDEX(ERFASSUNG!$P$6:$P$3005,$AY76)) | J76: =IF($AY76="","",INDEX(ERFASSUNG!$T$6:$T$3005,$AY76)) | AY76: =IFERROR(MATCH(28,ERFASSUNG!$X$6:$X$3005,0),"")
A77: =IF(LISTEN!$C$30="","",LISTEN!$C$30) | B77: =IF($A77="","",COUNTIFS(ERFASSUNG!$P$6:$P$3005,$A77,ERFASSUNG!$V$6:$V$3005,$AZ$3)+COUNTIFS(ERFASSUNG!$Q$6:$Q$3005,$A77,ERFASSUNG!$V$6:$V$3005,$AZ$3)+COUNTIFS(ERFASSUNG!$R$6:$R$3005,$A77,ERFASSUNG!$V$6:$V$3005,$AZ$3)) | C77: =IF($A77="","",SUMIFS(ERFASSUNG!$E$6:$E$3005,ERFASSUNG!$P$6:$P$3005,$A77,ERFASSUNG!$V$6:$V$3005,$AZ$3)+SUMIFS(ERFASSUNG!$E$6:$E$3005,ERFASSUNG!$Q$6:$Q$3005,$A77,ERFASSUNG!$V$6:$V$3005,$AZ$3)+SUMIFS(ERFASSUNG!$E$6:$E$3005,ERFASSUNG!$R$6:$R$3005,$A77,ERFASSUNG!$V$6:$V$3005,$AZ$3)) | E77: =IF($AY77="","",INDEX(ERFASSUNG!$A$6:$A$3005,$AY77)) | F77: =IF($AY77="","",INDEX(ERFASSUNG!$D$6:$D$3005,$AY77)) | H77: =IF($AY77="","",INDEX(ERFASSUNG!$P$6:$P$3005,$AY77)) | J77: =IF($AY77="","",INDEX(ERFASSUNG!$T$6:$T$3005,$AY77)) | AY77: =IFERROR(MATCH(29,ERFASSUNG!$X$6:$X$3005,0),"")
A78: =IF(LISTEN!$C$31="","",LISTEN!$C$31) | B78: =IF($A78="","",COUNTIFS(ERFASSUNG!$P$6:$P$3005,$A78,ERFASSUNG!$V$6:$V$3005,$AZ$3)+COUNTIFS(ERFASSUNG!$Q$6:$Q$3005,$A78,ERFASSUNG!$V$6:$V$3005,$AZ$3)+COUNTIFS(ERFASSUNG!$R$6:$R$3005,$A78,ERFASSUNG!$V$6:$V$3005,$AZ$3)) | C78: =IF($A78="","",SUMIFS(ERFASSUNG!$E$6:$E$3005,ERFASSUNG!$P$6:$P$3005,$A78,ERFASSUNG!$V$6:$V$3005,$AZ$3)+SUMIFS(ERFASSUNG!$E$6:$E$3005,ERFASSUNG!$Q$6:$Q$3005,$A78,ERFASSUNG!$V$6:$V$3005,$AZ$3)+SUMIFS(ERFASSUNG!$E$6:$E$3005,ERFASSUNG!$R$6:$R$3005,$A78,ERFASSUNG!$V$6:$V$3005,$AZ$3)) | E78: =IF($AY78="","",INDEX(ERFASSUNG!$A$6:$A$3005,$AY78)) | F78: =IF($AY78="","",INDEX(ERFASSUNG!$D$6:$D$3005,$AY78)) | H78: =IF($AY78="","",INDEX(ERFASSUNG!$P$6:$P$3005,$AY78)) | J78: =IF($AY78="","",INDEX(ERFASSUNG!$T$6:$T$3005,$AY78)) | AY78: =IFERROR(MATCH(30,ERFASSUNG!$X$6:$X$3005,0),"")
A80: Kontakte pro Tag
A81: Datum | B81: Tag | C81: Einträge | D81: Kontakte
A82: =IF(1>DAY($H$3),"",DATE(LISTEN!$F$2,$AZ$3,1)) | B82: =IF(A82="","",CHOOSE(WEEKDAY(A82,2),"Mo","Di","Mi","Do","Fr","Sa","So")) | C82: =IF(A82="","",SUMIFS(KALENDER!$F$5:$F$370,KALENDER!$A$5:$A$370,A82)) | D82: =IF(A82="","",SUMIFS(KALENDER!$L$5:$L$370,KALENDER!$A$5:$A$370,A82))
A83: =IF(2>DAY($H$3),"",DATE(LISTEN!$F$2,$AZ$3,2)) | B83: =IF(A83="","",CHOOSE(WEEKDAY(A83,2),"Mo","Di","Mi","Do","Fr","Sa","So")) | C83: =IF(A83="","",SUMIFS(KALENDER!$F$5:$F$370,KALENDER!$A$5:$A$370,A83)) | D83: =IF(A83="","",SUMIFS(KALENDER!$L$5:$L$370,KALENDER!$A$5:$A$370,A83))
A84: =IF(3>DAY($H$3),"",DATE(LISTEN!$F$2,$AZ$3,3)) | B84: =IF(A84="","",CHOOSE(WEEKDAY(A84,2),"Mo","Di","Mi","Do","Fr","Sa","So")) | C84: =IF(A84="","",SUMIFS(KALENDER!$F$5:$F$370,KALENDER!$A$5:$A$370,A84)) | D84: =IF(A84="","",SUMIFS(KALENDER!$L$5:$L$370,KALENDER!$A$5:$A$370,A84))
A85: =IF(4>DAY($H$3),"",DATE(LISTEN!$F$2,$AZ$3,4)) | B85: =IF(A85="","",CHOOSE(WEEKDAY(A85,2),"Mo","Di","Mi","Do","Fr","Sa","So")) | C85: =IF(A85="","",SUMIFS(KALENDER!$F$5:$F$370,KALENDER!$A$5:$A$370,A85)) | D85: =IF(A85="","",SUMIFS(KALENDER!$L$5:$L$370,KALENDER!$A$5:$A$370,A85))
A86: =IF(5>DAY($H$3),"",DATE(LISTEN!$F$2,$AZ$3,5)) | B86: =IF(A86="","",CHOOSE(WEEKDAY(A86,2),"Mo","Di","Mi","Do","Fr","Sa","So")) | C86: =IF(A86="","",SUMIFS(KALENDER!$F$5:$F$370,KALENDER!$A$5:$A$370,A86)) | D86: =IF(A86="","",SUMIFS(KALENDER!$L$5:$L$370,KALENDER!$A$5:$A$370,A86))
A87: =IF(6>DAY($H$3),"",DATE(LISTEN!$F$2,$AZ$3,6)) | B87: =IF(A87="","",CHOOSE(WEEKDAY(A87,2),"Mo","Di","Mi","Do","Fr","Sa","So")) | C87: =IF(A87="","",SUMIFS(KALENDER!$F$5:$F$370,KALENDER!$A$5:$A$370,A87)) | D87: =IF(A87="","",SUMIFS(KALENDER!$L$5:$L$370,KALENDER!$A$5:$A$370,A87))
A88: =IF(7>DAY($H$3),"",DATE(LISTEN!$F$2,$AZ$3,7)) | B88: =IF(A88="","",CHOOSE(WEEKDAY(A88,2),"Mo","Di","Mi","Do","Fr","Sa","So")) | C88: =IF(A88="","",SUMIFS(KALENDER!$F$5:$F$370,KALENDER!$A$5:$A$370,A88)) | D88: =IF(A88="","",SUMIFS(KALENDER!$L$5:$L$370,KALENDER!$A$5:$A$370,A88))
A89: =IF(8>DAY($H$3),"",DATE(LISTEN!$F$2,$AZ$3,8)) | B89: =IF(A89="","",CHOOSE(WEEKDAY(A89,2),"Mo","Di","Mi","Do","Fr","Sa","So")) | C89: =IF(A89="","",SUMIFS(KALENDER!$F$5:$F$370,KALENDER!$A$5:$A$370,A89)) | D89: =IF(A89="","",SUMIFS(KALENDER!$L$5:$L$370,KALENDER!$A$5:$A$370,A89))
A90: =IF(9>DAY($H$3),"",DATE(LISTEN!$F$2,$AZ$3,9)) | B90: =IF(A90="","",CHOOSE(WEEKDAY(A90,2),"Mo","Di","Mi","Do","Fr","Sa","So")) | C90: =IF(A90="","",SUMIFS(KALENDER!$F$5:$F$370,KALENDER!$A$5:$A$370,A90)) | D90: =IF(A90="","",SUMIFS(KALENDER!$L$5:$L$370,KALENDER!$A$5:$A$370,A90))
A91: =IF(10>DAY($H$3),"",DATE(LISTEN!$F$2,$AZ$3,10)) | B91: =IF(A91="","",CHOOSE(WEEKDAY(A91,2),"Mo","Di","Mi","Do","Fr","Sa","So")) | C91: =IF(A91="","",SUMIFS(KALENDER!$F$5:$F$370,KALENDER!$A$5:$A$370,A91)) | D91: =IF(A91="","",SUMIFS(KALENDER!$L$5:$L$370,KALENDER!$A$5:$A$370,A91))
A92: =IF(11>DAY($H$3),"",DATE(LISTEN!$F$2,$AZ$3,11)) | B92: =IF(A92="","",CHOOSE(WEEKDAY(A92,2),"Mo","Di","Mi","Do","Fr","Sa","So")) | C92: =IF(A92="","",SUMIFS(KALENDER!$F$5:$F$370,KALENDER!$A$5:$A$370,A92)) | D92: =IF(A92="","",SUMIFS(KALENDER!$L$5:$L$370,KALENDER!$A$5:$A$370,A92))
A93: =IF(12>DAY($H$3),"",DATE(LISTEN!$F$2,$AZ$3,12)) | B93: =IF(A93="","",CHOOSE(WEEKDAY(A93,2),"Mo","Di","Mi","Do","Fr","Sa","So")) | C93: =IF(A93="","",SUMIFS(KALENDER!$F$5:$F$370,KALENDER!$A$5:$A$370,A93)) | D93: =IF(A93="","",SUMIFS(KALENDER!$L$5:$L$370,KALENDER!$A$5:$A$370,A93))
A94: =IF(13>DAY($H$3),"",DATE(LISTEN!$F$2,$AZ$3,13)) | B94: =IF(A94="","",CHOOSE(WEEKDAY(A94,2),"Mo","Di","Mi","Do","Fr","Sa","So")) | C94: =IF(A94="","",SUMIFS(KALENDER!$F$5:$F$370,KALENDER!$A$5:$A$370,A94)) | D94: =IF(A94="","",SUMIFS(KALENDER!$L$5:$L$370,KALENDER!$A$5:$A$370,A94))
A95: =IF(14>DAY($H$3),"",DATE(LISTEN!$F$2,$AZ$3,14)) | B95: =IF(A95="","",CHOOSE(WEEKDAY(A95,2),"Mo","Di","Mi","Do","Fr","Sa","So")) | C95: =IF(A95="","",SUMIFS(KALENDER!$F$5:$F$370,KALENDER!$A$5:$A$370,A95)) | D95: =IF(A95="","",SUMIFS(KALENDER!$L$5:$L$370,KALENDER!$A$5:$A$370,A95))
A96: =IF(15>DAY($H$3),"",DATE(LISTEN!$F$2,$AZ$3,15)) | B96: =IF(A96="","",CHOOSE(WEEKDAY(A96,2),"Mo","Di","Mi","Do","Fr","Sa","So")) | C96: =IF(A96="","",SUMIFS(KALENDER!$F$5:$F$370,KALENDER!$A$5:$A$370,A96)) | D96: =IF(A96="","",SUMIFS(KALENDER!$L$5:$L$370,KALENDER!$A$5:$A$370,A96))
A97: =IF(16>DAY($H$3),"",DATE(LISTEN!$F$2,$AZ$3,16)) | B97: =IF(A97="","",CHOOSE(WEEKDAY(A97,2),"Mo","Di","Mi","Do","Fr","Sa","So")) | C97: =IF(A97="","",SUMIFS(KALENDER!$F$5:$F$370,KALENDER!$A$5:$A$370,A97)) | D97: =IF(A97="","",SUMIFS(KALENDER!$L$5:$L$370,KALENDER!$A$5:$A$370,A97))
A98: =IF(17>DAY($H$3),"",DATE(LISTEN!$F$2,$AZ$3,17)) | B98: =IF(A98="","",CHOOSE(WEEKDAY(A98,2),"Mo","Di","Mi","Do","Fr","Sa","So")) | C98: =IF(A98="","",SUMIFS(KALENDER!$F$5:$F$370,KALENDER!$A$5:$A$370,A98)) | D98: =IF(A98="","",SUMIFS(KALENDER!$L$5:$L$370,KALENDER!$A$5:$A$370,A98))
A99: =IF(18>DAY($H$3),"",DATE(LISTEN!$F$2,$AZ$3,18)) | B99: =IF(A99="","",CHOOSE(WEEKDAY(A99,2),"Mo","Di","Mi","Do","Fr","Sa","So")) | C99: =IF(A99="","",SUMIFS(KALENDER!$F$5:$F$370,KALENDER!$A$5:$A$370,A99)) | D99: =IF(A99="","",SUMIFS(KALENDER!$L$5:$L$370,KALENDER!$A$5:$A$370,A99))
A100: =IF(19>DAY($H$3),"",DATE(LISTEN!$F$2,$AZ$3,19)) | B100: =IF(A100="","",CHOOSE(WEEKDAY(A100,2),"Mo","Di","Mi","Do","Fr","Sa","So")) | C100: =IF(A100="","",SUMIFS(KALENDER!$F$5:$F$370,KALENDER!$A$5:$A$370,A100)) | D100: =IF(A100="","",SUMIFS(KALENDER!$L$5:$L$370,KALENDER!$A$5:$A$370,A100))
A101: =IF(20>DAY($H$3),"",DATE(LISTEN!$F$2,$AZ$3,20)) | B101: =IF(A101="","",CHOOSE(WEEKDAY(A101,2),"Mo","Di","Mi","Do","Fr","Sa","So")) | C101: =IF(A101="","",SUMIFS(KALENDER!$F$5:$F$370,KALENDER!$A$5:$A$370,A101)) | D101: =IF(A101="","",SUMIFS(KALENDER!$L$5:$L$370,KALENDER!$A$5:$A$370,A101))
A102: =IF(21>DAY($H$3),"",DATE(LISTEN!$F$2,$AZ$3,21)) | B102: =IF(A102="","",CHOOSE(WEEKDAY(A102,2),"Mo","Di","Mi","Do","Fr","Sa","So")) | C102: =IF(A102="","",SUMIFS(KALENDER!$F$5:$F$370,KALENDER!$A$5:$A$370,A102)) | D102: =IF(A102="","",SUMIFS(KALENDER!$L$5:$L$370,KALENDER!$A$5:$A$370,A102))
A103: =IF(22>DAY($H$3),"",DATE(LISTEN!$F$2,$AZ$3,22)) | B103: =IF(A103="","",CHOOSE(WEEKDAY(A103,2),"Mo","Di","Mi","Do","Fr","Sa","So")) | C103: =IF(A103="","",SUMIFS(KALENDER!$F$5:$F$370,KALENDER!$A$5:$A$370,A103)) | D103: =IF(A103="","",SUMIFS(KALENDER!$L$5:$L$370,KALENDER!$A$5:$A$370,A103))
A104: =IF(23>DAY($H$3),"",DATE(LISTEN!$F$2,$AZ$3,23)) | B104: =IF(A104="","",CHOOSE(WEEKDAY(A104,2),"Mo","Di","Mi","Do","Fr","Sa","So")) | C104: =IF(A104="","",SUMIFS(KALENDER!$F$5:$F$370,KALENDER!$A$5:$A$370,A104)) | D104: =IF(A104="","",SUMIFS(KALENDER!$L$5:$L$370,KALENDER!$A$5:$A$370,A104))
A105: =IF(24>DAY($H$3),"",DATE(LISTEN!$F$2,$AZ$3,24)) | B105: =IF(A105="","",CHOOSE(WEEKDAY(A105,2),"Mo","Di","Mi","Do","Fr","Sa","So")) | C105: =IF(A105="","",SUMIFS(KALENDER!$F$5:$F$370,KALENDER!$A$5:$A$370,A105)) | D105: =IF(A105="","",SUMIFS(KALENDER!$L$5:$L$370,KALENDER!$A$5:$A$370,A105))
...

Sheet JAHRESBERICHT
A1: ="Jahresbericht "&LISTEN!$F$2&" – "&LISTEN!$F$3
A2: Rechnet automatisch aus der Erfassung. Nur 'Vorjahr' (gelb) wird händisch eingetragen.
A4: Öffnungstage | C4: Einträge (Angebote) | E4: Kontakte gesamt | G4: Ø Kontakte pro Öffnungstag | I4: Stunden | K4: weiblich | M4: divers | O4: männlich
A5: =SUM(KALENDER!$G$5:$G$370) | C5: =SUM(KALENDER!$F$5:$F$370) | E5: =(SUM(KALENDER!$I$5:$I$370)+SUM(KALENDER!$J$5:$J$370)+SUM(KALENDER!$K$5:$K$370)) | G5: =IF(N(SUM(KALENDER!$G$5:$G$370))=0,0,(SUM(KALENDER!$I$5:$I$370)+SUM(KALENDER!$J$5:$J$370)+SUM(KALENDER!$K$5:$K$370))/SUM(KALENDER!$G$5:$G$370)) | I5: =SUM(KALENDER!$H$5:$H$370) | K5: =IF((SUM(KALENDER!$I$5:$I$370)+SUM(KALENDER!$J$5:$J$370)+SUM(KALENDER!$K$5:$K$370))=0,0,SUM(KALENDER!$I$5:$I$370)/(SUM(KALENDER!$I$5:$I$370)+SUM(KALENDER!$J$5:$J$370)+SUM(KALENDER!$K$5:$K$370))) | M5: =IF((SUM(KALENDER!$I$5:$I$370)+SUM(KALENDER!$J$5:$J$370)+SUM(KALENDER!$K$5:$K$370))=0,0,SUM(KALENDER!$J$5:$J$370)/(SUM(KALENDER!$I$5:$I$370)+SUM(KALENDER!$J$5:$J$370)+SUM(KALENDER!$K$5:$K$370))) | O5: =IF((SUM(KALENDER!$I$5:$I$370)+SUM(KALENDER!$J$5:$J$370)+SUM(KALENDER!$K$5:$K$370))=0,0,SUM(KALENDER!$K$5:$K$370)/(SUM(KALENDER!$I$5:$I$370)+SUM(KALENDER!$J$5:$J$370)+SUM(KALENDER!$K$5:$K$370)))
A7: Kennzahlen mit Vorjahresvergleich | G7: Textbaustein für den Jahresbericht
A8: Kennzahl | C8: =LISTEN!$F$2 | D8: ="Vorjahr ("&(LISTEN!$F$2-1)&")" | E8: Veränderung | G8: =IF(SUM(KALENDER!$L$5:$L$370)=0,"Noch keine Einträge vorhanden – der Text entsteht automatisch, sobald erfasst wird.","Im Jahr "&LISTEN!$F$2&" hatte "&LISTEN!$F$3&" an "&SUM(KALENDER!$G$5:$G$370)&" Tagen geöffnet. In "&SUM(KALENDER!$F$5:$F$370)&" Angeboten wurden "&SUM(KALENDER!$L$5:$L$370)&" Kontakte gezählt – das sind durchschnittlich "&ROUND(SUM(KALENDER!$L$5:$L$370)/MAX(1,SUM(KALENDER!$G$5:$G$370)),1)&" Kontakte pro Öffnungstag. "&ROUND(SUM(KALENDER!$I$5:$I$370)/SUM(KALENDER!$L$5:$L$370)*100,0)&" % der Kontakte waren weiblich, "&ROUND(SUM(KALENDER!$J$5:$J$370)/SUM(KALENDER!$L$5:$L$370)*100,0)&" % divers und "&ROUND(SUM(KALENDER!$K$5:$K$370)/SUM(KALENDER!$L$5:$L$370)*100,0)&" % männlich. "&"Die stärkste Altersgruppe war „"&INDEX($E$40:$I$40,MATCH(MAX($E$41:$I$41),$E$41:$I$41,0))&"“ ("&ROUND(MAX($E$42:$I$42)*100,0)&" %). Das meistbesuchte Angebot war „"&INDEX($A$46:$A$75,MATCH(MAX($G$46:$G$75),$G$46:$G$75,0))&"“ mit "&MAX($G$46:$G$75)&" Kontakten. "&"Insgesamt wurden "&ROUND(SUM(KALENDER!$H$5:$H$370),1)&" Angebotsstunden dokumentiert.")
A9: Öffnungstage | C9: =SUM(KALENDER!$G$5:$G$370) | E9: =IF(N(D9)=0,"",C9/D9-1)
A10: Einträge (Angebote) | C10: =SUM(KALENDER!$F$5:$F$370) | E10: =IF(N(D10)=0,"",C10/D10-1)
A11: Kontakte gesamt | C11: =SUM(KALENDER!$L$5:$L$370) | E11: =IF(N(D11)=0,"",C11/D11-1)
A12: Ø Kontakte pro Öffnungstag | C12: =IF(SUM(KALENDER!$G$5:$G$370)=0,0,SUM(KALENDER!$L$5:$L$370)/SUM(KALENDER!$G$5:$G$370)) | E12: =IF(N(D12)=0,"",C12/D12-1)
A13: Stunden | C13: =SUM(KALENDER!$H$5:$H$370) | E13: =IF(N(D13)=0,"",C13/D13-1)
A14: Kontakte weiblich | C14: =SUM(KALENDER!$I$5:$I$370) | E14: =IF(N(D14)=0,"",C14/D14-1)
A15: Kontakte divers | C15: =SUM(KALENDER!$J$5:$J$370) | E15: =IF(N(D15)=0,"",C15/D15-1)
A16: Kontakte männlich | C16: =SUM(KALENDER!$K$5:$K$370) | E16: =IF(N(D16)=0,"",C16/D16-1)
A18: Monate
A19: Monat | B19: Öffnungstage | C19: Einträge | D19: Stunden | E19: w | F19: d | G19: m | H19: gesamt | I19: unter 10 | J19: ab 10 | K19: ab 14 | L19: ab 16 | M19: ab 18 | N19: Ø Kontakte / Tag
A20: =LISTEN!$H$2 | B20: =SUMIFS(KALENDER!$G$5:$G$370,KALENDER!$D$5:$D$370,1) | C20: =SUMIFS(KALENDER!$F$5:$F$370,KALENDER!$D$5:$D$370,1) | D20: =SUMIFS(KALENDER!$H$5:$H$370,KALENDER!$D$5:$D$370,1) | E20: =SUMIFS(KALENDER!$I$5:$I$370,KALENDER!$D$5:$D$370,1) | F20: =SUMIFS(KALENDER!$J$5:$J$370,KALENDER!$D$5:$D$370,1) | G20: =SUMIFS(KALENDER!$K$5:$K$370,KALENDER!$D$5:$D$370,1) | H20: =SUMIFS(KALENDER!$L$5:$L$370,KALENDER!$D$5:$D$370,1) | I20: =SUMIFS(KALENDER!$M$5:$M$370,KALENDER!$D$5:$D$370,1) | J20: =SUMIFS(KALENDER!$N$5:$N$370,KALENDER!$D$5:$D$370,1) | K20: =SUMIFS(KALENDER!$O$5:$O$370,KALENDER!$D$5:$D$370,1) | L20: =SUMIFS(KALENDER!$P$5:$P$370,KALENDER!$D$5:$D$370,1) | M20: =SUMIFS(KALENDER!$Q$5:$Q$370,KALENDER!$D$5:$D$370,1) | N20: =IF(B20=0,0,H20/B20)
A21: =LISTEN!$H$3 | B21: =SUMIFS(KALENDER!$G$5:$G$370,KALENDER!$D$5:$D$370,2) | C21: =SUMIFS(KALENDER!$F$5:$F$370,KALENDER!$D$5:$D$370,2) | D21: =SUMIFS(KALENDER!$H$5:$H$370,KALENDER!$D$5:$D$370,2) | E21: =SUMIFS(KALENDER!$I$5:$I$370,KALENDER!$D$5:$D$370,2) | F21: =SUMIFS(KALENDER!$J$5:$J$370,KALENDER!$D$5:$D$370,2) | G21: =SUMIFS(KALENDER!$K$5:$K$370,KALENDER!$D$5:$D$370,2) | H21: =SUMIFS(KALENDER!$L$5:$L$370,KALENDER!$D$5:$D$370,2) | I21: =SUMIFS(KALENDER!$M$5:$M$370,KALENDER!$D$5:$D$370,2) | J21: =SUMIFS(KALENDER!$N$5:$N$370,KALENDER!$D$5:$D$370,2) | K21: =SUMIFS(KALENDER!$O$5:$O$370,KALENDER!$D$5:$D$370,2) | L21: =SUMIFS(KALENDER!$P$5:$P$370,KALENDER!$D$5:$D$370,2) | M21: =SUMIFS(KALENDER!$Q$5:$Q$370,KALENDER!$D$5:$D$370,2) | N21: =IF(B21=0,0,H21/B21)
A22: =LISTEN!$H$4 | B22: =SUMIFS(KALENDER!$G$5:$G$370,KALENDER!$D$5:$D$370,3) | C22: =SUMIFS(KALENDER!$F$5:$F$370,KALENDER!$D$5:$D$370,3) | D22: =SUMIFS(KALENDER!$H$5:$H$370,KALENDER!$D$5:$D$370,3) | E22: =SUMIFS(KALENDER!$I$5:$I$370,KALENDER!$D$5:$D$370,3) | F22: =SUMIFS(KALENDER!$J$5:$J$370,KALENDER!$D$5:$D$370,3) | G22: =SUMIFS(KALENDER!$K$5:$K$370,KALENDER!$D$5:$D$370,3) | H22: =SUMIFS(KALENDER!$L$5:$L$370,KALENDER!$D$5:$D$370,3) | I22: =SUMIFS(KALENDER!$M$5:$M$370,KALENDER!$D$5:$D$370,3) | J22: =SUMIFS(KALENDER!$N$5:$N$370,KALENDER!$D$5:$D$370,3) | K22: =SUMIFS(KALENDER!$O$5:$O$370,KALENDER!$D$5:$D$370,3) | L22: =SUMIFS(KALENDER!$P$5:$P$370,KALENDER!$D$5:$D$370,3) | M22: =SUMIFS(KALENDER!$Q$5:$Q$370,KALENDER!$D$5:$D$370,3) | N22: =IF(B22=0,0,H22/B22)
A23: =LISTEN!$H$5 | B23: =SUMIFS(KALENDER!$G$5:$G$370,KALENDER!$D$5:$D$370,4) | C23: =SUMIFS(KALENDER!$F$5:$F$370,KALENDER!$D$5:$D$370,4) | D23: =SUMIFS(KALENDER!$H$5:$H$370,KALENDER!$D$5:$D$370,4) | E23: =SUMIFS(KALENDER!$I$5:$I$370,KALENDER!$D$5:$D$370,4) | F23: =SUMIFS(KALENDER!$J$5:$J$370,KALENDER!$D$5:$D$370,4) | G23: =SUMIFS(KALENDER!$K$5:$K$370,KALENDER!$D$5:$D$370,4) | H23: =SUMIFS(KALENDER!$L$5:$L$370,KALENDER!$D$5:$D$370,4) | I23: =SUMIFS(KALENDER!$M$5:$M$370,KALENDER!$D$5:$D$370,4) | J23: =SUMIFS(KALENDER!$N$5:$N$370,KALENDER!$D$5:$D$370,4) | K23: =SUMIFS(KALENDER!$O$5:$O$370,KALENDER!$D$5:$D$370,4) | L23: =SUMIFS(KALENDER!$P$5:$P$370,KALENDER!$D$5:$D$370,4) | M23: =SUMIFS(KALENDER!$Q$5:$Q$370,KALENDER!$D$5:$D$370,4) | N23: =IF(B23=0,0,H23/B23)
A24: =LISTEN!$H$6 | B24: =SUMIFS(KALENDER!$G$5:$G$370,KALENDER!$D$5:$D$370,5) | C24: =SUMIFS(KALENDER!$F$5:$F$370,KALENDER!$D$5:$D$370,5) | D24: =SUMIFS(KALENDER!$H$5:$H$370,KALENDER!$D$5:$D$370,5) | E24: =SUMIFS(KALENDER!$I$5:$I$370,KALENDER!$D$5:$D$370,5) | F24: =SUMIFS(KALENDER!$J$5:$J$370,KALENDER!$D$5:$D$370,5) | G24: =SUMIFS(KALENDER!$K$5:$K$370,KALENDER!$D$5:$D$370,5) | H24: =SUMIFS(KALENDER!$L$5:$L$370,KALENDER!$D$5:$D$370,5) | I24: =SUMIFS(KALENDER!$M$5:$M$370,KALENDER!$D$5:$D$370,5) | J24: =SUMIFS(KALENDER!$N$5:$N$370,KALENDER!$D$5:$D$370,5) | K24: =SUMIFS(KALENDER!$O$5:$O$370,KALENDER!$D$5:$D$370,5) | L24: =SUMIFS(KALENDER!$P$5:$P$370,KALENDER!$D$5:$D$370,5) | M24: =SUMIFS(KALENDER!$Q$5:$Q$370,KALENDER!$D$5:$D$370,5) | N24: =IF(B24=0,0,H24/B24)
A25: =LISTEN!$H$7 | B25: =SUMIFS(KALENDER!$G$5:$G$370,KALENDER!$D$5:$D$370,6) | C25: =SUMIFS(KALENDER!$F$5:$F$370,KALENDER!$D$5:$D$370,6) | D25: =SUMIFS(KALENDER!$H$5:$H$370,KALENDER!$D$5:$D$370,6) | E25: =SUMIFS(KALENDER!$I$5:$I$370,KALENDER!$D$5:$D$370,6) | F25: =SUMIFS(KALENDER!$J$5:$J$370,KALENDER!$D$5:$D$370,6) | G25: =SUMIFS(KALENDER!$K$5:$K$370,KALENDER!$D$5:$D$370,6) | H25: =SUMIFS(KALENDER!$L$5:$L$370,KALENDER!$D$5:$D$370,6) | I25: =SUMIFS(KALENDER!$M$5:$M$370,KALENDER!$D$5:$D$370,6) | J25: =SUMIFS(KALENDER!$N$5:$N$370,KALENDER!$D$5:$D$370,6) | K25: =SUMIFS(KALENDER!$O$5:$O$370,KALENDER!$D$5:$D$370,6) | L25: =SUMIFS(KALENDER!$P$5:$P$370,KALENDER!$D$5:$D$370,6) | M25: =SUMIFS(KALENDER!$Q$5:$Q$370,KALENDER!$D$5:$D$370,6) | N25: =IF(B25=0,0,H25/B25)
A26: =LISTEN!$H$8 | B26: =SUMIFS(KALENDER!$G$5:$G$370,KALENDER!$D$5:$D$370,7) | C26: =SUMIFS(KALENDER!$F$5:$F$370,KALENDER!$D$5:$D$370,7) | D26: =SUMIFS(KALENDER!$H$5:$H$370,KALENDER!$D$5:$D$370,7) | E26: =SUMIFS(KALENDER!$I$5:$I$370,KALENDER!$D$5:$D$370,7) | F26: =SUMIFS(KALENDER!$J$5:$J$370,KALENDER!$D$5:$D$370,7) | G26: =SUMIFS(KALENDER!$K$5:$K$370,KALENDER!$D$5:$D$370,7) | H26: =SUMIFS(KALENDER!$L$5:$L$370,KALENDER!$D$5:$D$370,7) | I26: =SUMIFS(KALENDER!$M$5:$M$370,KALENDER!$D$5:$D$370,7) | J26: =SUMIFS(KALENDER!$N$5:$N$370,KALENDER!$D$5:$D$370,7) | K26: =SUMIFS(KALENDER!$O$5:$O$370,KALENDER!$D$5:$D$370,7) | L26: =SUMIFS(KALENDER!$P$5:$P$370,KALENDER!$D$5:$D$370,7) | M26: =SUMIFS(KALENDER!$Q$5:$Q$370,KALENDER!$D$5:$D$370,7) | N26: =IF(B26=0,0,H26/B26)
A27: =LISTEN!$H$9 | B27: =SUMIFS(KALENDER!$G$5:$G$370,KALENDER!$D$5:$D$370,8) | C27: =SUMIFS(KALENDER!$F$5:$F$370,KALENDER!$D$5:$D$370,8) | D27: =SUMIFS(KALENDER!$H$5:$H$370,KALENDER!$D$5:$D$370,8) | E27: =SUMIFS(KALENDER!$I$5:$I$370,KALENDER!$D$5:$D$370,8) | F27: =SUMIFS(KALENDER!$J$5:$J$370,KALENDER!$D$5:$D$370,8) | G27: =SUMIFS(KALENDER!$K$5:$K$370,KALENDER!$D$5:$D$370,8) | H27: =SUMIFS(KALENDER!$L$5:$L$370,KALENDER!$D$5:$D$370,8) | I27: =SUMIFS(KALENDER!$M$5:$M$370,KALENDER!$D$5:$D$370,8) | J27: =SUMIFS(KALENDER!$N$5:$N$370,KALENDER!$D$5:$D$370,8) | K27: =SUMIFS(KALENDER!$O$5:$O$370,KALENDER!$D$5:$D$370,8) | L27: =SUMIFS(KALENDER!$P$5:$P$370,KALENDER!$D$5:$D$370,8) | M27: =SUMIFS(KALENDER!$Q$5:$Q$370,KALENDER!$D$5:$D$370,8) | N27: =IF(B27=0,0,H27/B27)
A28: =LISTEN!$H$10 | B28: =SUMIFS(KALENDER!$G$5:$G$370,KALENDER!$D$5:$D$370,9) | C28: =SUMIFS(KALENDER!$F$5:$F$370,KALENDER!$D$5:$D$370,9) | D28: =SUMIFS(KALENDER!$H$5:$H$370,KALENDER!$D$5:$D$370,9) | E28: =SUMIFS(KALENDER!$I$5:$I$370,KALENDER!$D$5:$D$370,9) | F28: =SUMIFS(KALENDER!$J$5:$J$370,KALENDER!$D$5:$D$370,9) | G28: =SUMIFS(KALENDER!$K$5:$K$370,KALENDER!$D$5:$D$370,9) | H28: =SUMIFS(KALENDER!$L$5:$L$370,KALENDER!$D$5:$D$370,9) | I28: =SUMIFS(KALENDER!$M$5:$M$370,KALENDER!$D$5:$D$370,9) | J28: =SUMIFS(KALENDER!$N$5:$N$370,KALENDER!$D$5:$D$370,9) | K28: =SUMIFS(KALENDER!$O$5:$O$370,KALENDER!$D$5:$D$370,9) | L28: =SUMIFS(KALENDER!$P$5:$P$370,KALENDER!$D$5:$D$370,9) | M28: =SUMIFS(KALENDER!$Q$5:$Q$370,KALENDER!$D$5:$D$370,9) | N28: =IF(B28=0,0,H28/B28)
A29: =LISTEN!$H$11 | B29: =SUMIFS(KALENDER!$G$5:$G$370,KALENDER!$D$5:$D$370,10) | C29: =SUMIFS(KALENDER!$F$5:$F$370,KALENDER!$D$5:$D$370,10) | D29: =SUMIFS(KALENDER!$H$5:$H$370,KALENDER!$D$5:$D$370,10) | E29: =SUMIFS(KALENDER!$I$5:$I$370,KALENDER!$D$5:$D$370,10) | F29: =SUMIFS(KALENDER!$J$5:$J$370,KALENDER!$D$5:$D$370,10) | G29: =SUMIFS(KALENDER!$K$5:$K$370,KALENDER!$D$5:$D$370,10) | H29: =SUMIFS(KALENDER!$L$5:$L$370,KALENDER!$D$5:$D$370,10) | I29: =SUMIFS(KALENDER!$M$5:$M$370,KALENDER!$D$5:$D$370,10) | J29: =SUMIFS(KALENDER!$N$5:$N$370,KALENDER!$D$5:$D$370,10) | K29: =SUMIFS(KALENDER!$O$5:$O$370,KALENDER!$D$5:$D$370,10) | L29: =SUMIFS(KALENDER!$P$5:$P$370,KALENDER!$D$5:$D$370,10) | M29: =SUMIFS(KALENDER!$Q$5:$Q$370,KALENDER!$D$5:$D$370,10) | N29: =IF(B29=0,0,H29/B29)
A30: =LISTEN!$H$12 | B30: =SUMIFS(KALENDER!$G$5:$G$370,KALENDER!$D$5:$D$370,11) | C30: =SUMIFS(KALENDER!$F$5:$F$370,KALENDER!$D$5:$D$370,11) | D30: =SUMIFS(KALENDER!$H$5:$H$370,KALENDER!$D$5:$D$370,11) | E30: =SUMIFS(KALENDER!$I$5:$I$370,KALENDER!$D$5:$D$370,11) | F30: =SUMIFS(KALENDER!$J$5:$J$370,KALENDER!$D$5:$D$370,11) | G30: =SUMIFS(KALENDER!$K$5:$K$370,KALENDER!$D$5:$D$370,11) | H30: =SUMIFS(KALENDER!$L$5:$L$370,KALENDER!$D$5:$D$370,11) | I30: =SUMIFS(KALENDER!$M$5:$M$370,KALENDER!$D$5:$D$370,11) | J30: =SUMIFS(KALENDER!$N$5:$N$370,KALENDER!$D$5:$D$370,11) | K30: =SUMIFS(KALENDER!$O$5:$O$370,KALENDER!$D$5:$D$370,11) | L30: =SUMIFS(KALENDER!$P$5:$P$370,KALENDER!$D$5:$D$370,11) | M30: =SUMIFS(KALENDER!$Q$5:$Q$370,KALENDER!$D$5:$D$370,11) | N30: =IF(B30=0,0,H30/B30)
A31: =LISTEN!$H$13 | B31: =SUMIFS(KALENDER!$G$5:$G$370,KALENDER!$D$5:$D$370,12) | C31: =SUMIFS(KALENDER!$F$5:$F$370,KALENDER!$D$5:$D$370,12) | D31: =SUMIFS(KALENDER!$H$5:$H$370,KALENDER!$D$5:$D$370,12) | E31: =SUMIFS(KALENDER!$I$5:$I$370,KALENDER!$D$5:$D$370,12) | F31: =SUMIFS(KALENDER!$J$5:$J$370,KALENDER!$D$5:$D$370,12) | G31: =SUMIFS(KALENDER!$K$5:$K$370,KALENDER!$D$5:$D$370,12) | H31: =SUMIFS(KALENDER!$L$5:$L$370,KALENDER!$D$5:$D$370,12) | I31: =SUMIFS(KALENDER!$M$5:$M$370,KALENDER!$D$5:$D$370,12) | J31: =SUMIFS(KALENDER!$N$5:$N$370,KALENDER!$D$5:$D$370,12) | K31: =SUMIFS(KALENDER!$O$5:$O$370,KALENDER!$D$5:$D$370,12) | L31: =SUMIFS(KALENDER!$P$5:$P$370,KALENDER!$D$5:$D$370,12) | M31: =SUMIFS(KALENDER!$Q$5:$Q$370,KALENDER!$D$5:$D$370,12) | N31: =IF(B31=0,0,H31/B31)
A32: JAHR | B32: =SUM(B20:B31) | C32: =SUM(C20:C31) | D32: =SUM(D20:D31) | E32: =SUM(E20:E31) | F32: =SUM(F20:F31) | G32: =SUM(G20:G31) | H32: =SUM(H20:H31) | I32: =SUM(I20:I31) | ... M32: =SUM(M20:M31) | N32: =IF(B32=0,0,H32/B32)
A33: Kontrolle: Summe Monate = Summe Angebote? | H33: =IF(H32=G76,"✓ OK","⚠ prüfen: Einträge ohne Angebot?")
A38: Geschlecht & Alter
A40: Merkmal | B40: weiblich | C40: divers | D40: männlich | E40: unter 10 | F40: ab 10 | G40: ab 14 | H40: ab 16 | I40: ab 18
A41: Anzahl | B41: =$E$32 | C41: =$F$32 | D41: =$G$32 | E41: =$I$32 | F41: =$J$32 | G41: =$K$32 | H41: =$L$32 | I41: =$M$32
A42: Anteil | B42: =IF(SUM($B$41:$D$41)=0,0,B41/SUM($B$41:$D$41)) | C42: =IF(SUM($B$41:$D$41)=0,0,C41/SUM($B$41:$D$41)) | D42: =IF(SUM($B$41:$D$41)=0,0,D41/SUM($B$41:$D$41)) | E42: =IF(SUM($E$41:$I$41)=0,0,E41/SUM($E$41:$I$41)) | F42: =IF(SUM($E$41:$I$41)=0,0,F41/SUM($E$41:$I$41)) | G42: =IF(SUM($E$41:$I$41)=0,0,G41/SUM($E$41:$I$41)) | H42: =IF(SUM($E$41:$I$41)=0,0,H41/SUM($E$41:$I$41)) | I42: =IF(SUM($E$41:$I$41)=0,0,I41/SUM($E$41:$I$41))
A44: Angebote im Jahr
A45: Angebot | B45: Einträge | C45: Stunden | D45: w | E45: d | F45: m | G45: gesamt | H45: unter 10 | I45: ab 10 | J45: ab 14 | K45: ab 16 | L45: ab 18 | M45: Anteil
A46: =IF(LISTEN!$A$2="","",LISTEN!$A$2) | B46: =IF($A46="","",COUNTIFS(ERFASSUNG!$D$6:$D$3005,$A46)) | C46: =IF($A46="","",SUMIFS(ERFASSUNG!$E$6:$E$3005,ERFASSUNG!$D$6:$D$3005,$A46)) | D46: =IF($A46="","",SUMIFS(ERFASSUNG!$F$6:$F$3005,ERFASSUNG!$D$6:$D$3005,$A46)) | E46: =IF($A46="","",SUMIFS(ERFASSUNG!$G$6:$G$3005,ERFASSUNG!$D$6:$D$3005,$A46)) | F46: =IF($A46="","",SUMIFS(ERFASSUNG!$H$6:$H$3005,ERFASSUNG!$D$6:$D$3005,$A46)) | G46: =IF($A46="","",SUMIFS(ERFASSUNG!$I$6:$I$3005,ERFASSUNG!$D$6:$D$3005,$A46)) | H46: =IF($A46="","",SUMIFS(ERFASSUNG!$J$6:$J$3005,ERFASSUNG!$D$6:$D$3005,$A46)) | I46: =IF($A46="","",SUMIFS(ERFASSUNG!$K$6:$K$3005,ERFASSUNG!$D$6:$D$3005,$A46)) | J46: =IF($A46="","",SUMIFS(ERFASSUNG!$L$6:$L$3005,ERFASSUNG!$D$6:$D$3005,$A46)) | K46: =IF($A46="","",SUMIFS(ERFASSUNG!$M$6:$M$3005,ERFASSUNG!$D$6:$D$3005,$A46)) | L46: =IF($A46="","",SUMIFS(ERFASSUNG!$N$6:$N$3005,ERFASSUNG!$D$6:$D$3005,$A46)) | M46: =IF(OR($A46="",N($G$76)=0),"",G46/$G$76)
A47: =IF(LISTEN!$A$3="","",LISTEN!$A$3) | B47: =IF($A47="","",COUNTIFS(ERFASSUNG!$D$6:$D$3005,$A47)) | C47: =IF($A47="","",SUMIFS(ERFASSUNG!$E$6:$E$3005,ERFASSUNG!$D$6:$D$3005,$A47)) | D47: =IF($A47="","",SUMIFS(ERFASSUNG!$F$6:$F$3005,ERFASSUNG!$D$6:$D$3005,$A47)) | E47: =IF($A47="","",SUMIFS(ERFASSUNG!$G$6:$G$3005,ERFASSUNG!$D$6:$D$3005,$A47)) | F47: =IF($A47="","",SUMIFS(ERFASSUNG!$H$6:$H$3005,ERFASSUNG!$D$6:$D$3005,$A47)) | G47: =IF($A47="","",SUMIFS(ERFASSUNG!$I$6:$I$3005,ERFASSUNG!$D$6:$D$3005,$A47)) | H47: =IF($A47="","",SUMIFS(ERFASSUNG!$J$6:$J$3005,ERFASSUNG!$D$6:$D$3005,$A47)) | I47: =IF($A47="","",SUMIFS(ERFASSUNG!$K$6:$K$3005,ERFASSUNG!$D$6:$D$3005,$A47)) | J47: =IF($A47="","",SUMIFS(ERFASSUNG!$L$6:$L$3005,ERFASSUNG!$D$6:$D$3005,$A47)) | K47: =IF($A47="","",SUMIFS(ERFASSUNG!$M$6:$M$3005,ERFASSUNG!$D$6:$D$3005,$A47)) | L47: =IF($A47="","",SUMIFS(ERFASSUNG!$N$6:$N$3005,ERFASSUNG!$D$6:$D$3005,$A47)) | M47: =IF(OR($A47="",N($G$76)=0),"",G47/$G$76)
A48: =IF(LISTEN!$A$4="","",LISTEN!$A$4) | B48: =IF($A48="","",COUNTIFS(ERFASSUNG!$D$6:$D$3005,$A48)) | C48: =IF($A48="","",SUMIFS(ERFASSUNG!$E$6:$E$3005,ERFASSUNG!$D$6:$D$3005,$A48)) | D48: =IF($A48="","",SUMIFS(ERFASSUNG!$F$6:$F$3005,ERFASSUNG!$D$6:$D$3005,$A48)) | E48: =IF($A48="","",SUMIFS(ERFASSUNG!$G$6:$G$3005,ERFASSUNG!$D$6:$D$3005,$A48)) | F48: =IF($A48="","",SUMIFS(ERFASSUNG!$H$6:$H$3005,ERFASSUNG!$D$6:$D$3005,$A48)) | G48: =IF($A48="","",SUMIFS(ERFASSUNG!$I$6:$I$3005,ERFASSUNG!$D$6:$D$3005,$A48)) | H48: =IF($A48="","",SUMIFS(ERFASSUNG!$J$6:$J$3005,ERFASSUNG!$D$6:$D$3005,$A48)) | I48: =IF($A48="","",SUMIFS(ERFASSUNG!$K$6:$K$3005,ERFASSUNG!$D$6:$D$3005,$A48)) | J48: =IF($A48="","",SUMIFS(ERFASSUNG!$L$6:$L$3005,ERFASSUNG!$D$6:$D$3005,$A48)) | K48: =IF($A48="","",SUMIFS(ERFASSUNG!$M$6:$M$3005,ERFASSUNG!$D$6:$D$3005,$A48)) | L48: =IF($A48="","",SUMIFS(ERFASSUNG!$N$6:$N$3005,ERFASSUNG!$D$6:$D$3005,$A48)) | M48: =IF(OR($A48="",N($G$76)=0),"",G48/$G$76)
A49: =IF(LISTEN!$A$5="","",LISTEN!$A$5) | B49: =IF($A49="","",COUNTIFS(ERFASSUNG!$D$6:$D$3005,$A49)) | C49: =IF($A49="","",SUMIFS(ERFASSUNG!$E$6:$E$3005,ERFASSUNG!$D$6:$D$3005,$A49)) | D49: =IF($A49="","",SUMIFS(ERFASSUNG!$F$6:$F$3005,ERFASSUNG!$D$6:$D$3005,$A49)) | E49: =IF($A49="","",SUMIFS(ERFASSUNG!$G$6:$G$3005,ERFASSUNG!$D$6:$D$3005,$A49)) | F49: =IF($A49="","",SUMIFS(ERFASSUNG!$H$6:$H$3005,ERFASSUNG!$D$6:$D$3005,$A49)) | G49: =IF($A49="","",SUMIFS(ERFASSUNG!$I$6:$I$3005,ERFASSUNG!$D$6:$D$3005,$A49)) | H49: =IF($A49="","",SUMIFS(ERFASSUNG!$J$6:$J$3005,ERFASSUNG!$D$6:$D$3005,$A49)) | I49: =IF($A49="","",SUMIFS(ERFASSUNG!$K$6:$K$3005,ERFASSUNG!$D$6:$D$3005,$A49)) | J49: =IF($A49="","",SUMIFS(ERFASSUNG!$L$6:$L$3005,ERFASSUNG!$D$6:$D$3005,$A49)) | K49: =IF($A49="","",SUMIFS(ERFASSUNG!$M$6:$M$3005,ERFASSUNG!$D$6:$D$3005,$A49)) | L49: =IF($A49="","",SUMIFS(ERFASSUNG!$N$6:$N$3005,ERFASSUNG!$D$6:$D$3005,$A49)) | M49: =IF(OR($A49="",N($G$76)=0),"",G49/$G$76)
A50: =IF(LISTEN!$A$6="","",LISTEN!$A$6) | B50: =IF($A50="","",COUNTIFS(ERFASSUNG!$D$6:$D$3005,$A50)) | C50: =IF($A50="","",SUMIFS(ERFASSUNG!$E$6:$E$3005,ERFASSUNG!$D$6:$D$3005,$A50)) | D50: =IF($A50="","",SUMIFS(ERFASSUNG!$F$6:$F$3005,ERFASSUNG!$D$6:$D$3005,$A50)) | E50: =IF($A50="","",SUMIFS(ERFASSUNG!$G$6:$G$3005,ERFASSUNG!$D$6:$D$3005,$A50)) | F50: =IF($A50="","",SUMIFS(ERFASSUNG!$H$6:$H$3005,ERFASSUNG!$D$6:$D$3005,$A50)) | G50: =IF($A50="","",SUMIFS(ERFASSUNG!$I$6:$I$3005,ERFASSUNG!$D$6:$D$3005,$A50)) | H50: =IF($A50="","",SUMIFS(ERFASSUNG!$J$6:$J$3005,ERFASSUNG!$D$6:$D$3005,$A50)) | I50: =IF($A50="","",SUMIFS(ERFASSUNG!$K$6:$K$3005,ERFASSUNG!$D$6:$D$3005,$A50)) | J50: =IF($A50="","",SUMIFS(ERFASSUNG!$L$6:$L$3005,ERFASSUNG!$D$6:$D$3005,$A50)) | K50: =IF($A50="","",SUMIFS(ERFASSUNG!$M$6:$M$3005,ERFASSUNG!$D$6:$D$3005,$A50)) | L50: =IF($A50="","",SUMIFS(ERFASSUNG!$N$6:$N$3005,ERFASSUNG!$D$6:$D$3005,$A50)) | M50: =IF(OR($A50="",N($G$76)=0),"",G50/$G$76)
A51: =IF(LISTEN!$A$7="","",LISTEN!$A$7) | B51: =IF($A51="","",COUNTIFS(ERFASSUNG!$D$6:$D$3005,$A51)) | C51: =IF($A51="","",SUMIFS(ERFASSUNG!$E$6:$E$3005,ERFASSUNG!$D$6:$D$3005,$A51)) | D51: =IF($A51="","",SUMIFS(ERFASSUNG!$F$6:$F$3005,ERFASSUNG!$D$6:$D$3005,$A51)) | E51: =IF($A51="","",SUMIFS(ERFASSUNG!$G$6:$G$3005,ERFASSUNG!$D$6:$D$3005,$A51)) | F51: =IF($A51="","",SUMIFS(ERFASSUNG!$H$6:$H$3005,ERFASSUNG!$D$6:$D$3005,$A51)) | G51: =IF($A51="","",SUMIFS(ERFASSUNG!$I$6:$I$3005,ERFASSUNG!$D$6:$D$3005,$A51)) | H51: =IF($A51="","",SUMIFS(ERFASSUNG!$J$6:$J$3005,ERFASSUNG!$D$6:$D$3005,$A51)) | I51: =IF($A51="","",SUMIFS(ERFASSUNG!$K$6:$K$3005,ERFASSUNG!$D$6:$D$3005,$A51)) | J51: =IF($A51="","",SUMIFS(ERFASSUNG!$L$6:$L$3005,ERFASSUNG!$D$6:$D$3005,$A51)) | K51: =IF($A51="","",SUMIFS(ERFASSUNG!$M$6:$M$3005,ERFASSUNG!$D$6:$D$3005,$A51)) | L51: =IF($A51="","",SUMIFS(ERFASSUNG!$N$6:$N$3005,ERFASSUNG!$D$6:$D$3005,$A51)) | M51: =IF(OR($A51="",N($G$76)=0),"",G51/$G$76)
A52: =IF(LISTEN!$A$8="","",LISTEN!$A$8) | B52: =IF($A52="","",COUNTIFS(ERFASSUNG!$D$6:$D$3005,$A52)) | C52: =IF($A52="","",SUMIFS(ERFASSUNG!$E$6:$E$3005,ERFASSUNG!$D$6:$D$3005,$A52)) | D52: =IF($A52="","",SUMIFS(ERFASSUNG!$F$6:$F$3005,ERFASSUNG!$D$6:$D$3005,$A52)) | E52: =IF($A52="","",SUMIFS(ERFASSUNG!$G$6:$G$3005,ERFASSUNG!$D$6:$D$3005,$A52)) | F52: =IF($A52="","",SUMIFS(ERFASSUNG!$H$6:$H$3005,ERFASSUNG!$D$6:$D$3005,$A52)) | G52: =IF($A52="","",SUMIFS(ERFASSUNG!$I$6:$I$3005,ERFASSUNG!$D$6:$D$3005,$A52)) | H52: =IF($A52="","",SUMIFS(ERFASSUNG!$J$6:$J$3005,ERFASSUNG!$D$6:$D$3005,$A52)) | I52: =IF($A52="","",SUMIFS(ERFASSUNG!$K$6:$K$3005,ERFASSUNG!$D$6:$D$3005,$A52)) | J52: =IF($A52="","",SUMIFS(ERFASSUNG!$L$6:$L$3005,ERFASSUNG!$D$6:$D$3005,$A52)) | K52: =IF($A52="","",SUMIFS(ERFASSUNG!$M$6:$M$3005,ERFASSUNG!$D$6:$D$3005,$A52)) | L52: =IF($A52="","",SUMIFS(ERFASSUNG!$N$6:$N$3005,ERFASSUNG!$D$6:$D$3005,$A52)) | M52: =IF(OR($A52="",N($G$76)=0),"",G52/$G$76)
A53: =IF(LISTEN!$A$9="","",LISTEN!$A$9) | B53: =IF($A53="","",COUNTIFS(ERFASSUNG!$D$6:$D$3005,$A53)) | C53: =IF($A53="","",SUMIFS(ERFASSUNG!$E$6:$E$3005,ERFASSUNG!$D$6:$D$3005,$A53)) | D53: =IF($A53="","",SUMIFS(ERFASSUNG!$F$6:$F$3005,ERFASSUNG!$D$6:$D$3005,$A53)) | E53: =IF($A53="","",SUMIFS(ERFASSUNG!$G$6:$G$3005,ERFASSUNG!$D$6:$D$3005,$A53)) | F53: =IF($A53="","",SUMIFS(ERFASSUNG!$H$6:$H$3005,ERFASSUNG!$D$6:$D$3005,$A53)) | G53: =IF($A53="","",SUMIFS(ERFASSUNG!$I$6:$I$3005,ERFASSUNG!$D$6:$D$3005,$A53)) | H53: =IF($A53="","",SUMIFS(ERFASSUNG!$J$6:$J$3005,ERFASSUNG!$D$6:$D$3005,$A53)) | I53: =IF($A53="","",SUMIFS(ERFASSUNG!$K$6:$K$3005,ERFASSUNG!$D$6:$D$3005,$A53)) | J53: =IF($A53="","",SUMIFS(ERFASSUNG!$L$6:$L$3005,ERFASSUNG!$D$6:$D$3005,$A53)) | K53: =IF($A53="","",SUMIFS(ERFASSUNG!$M$6:$M$3005,ERFASSUNG!$D$6:$D$3005,$A53)) | L53: =IF($A53="","",SUMIFS(ERFASSUNG!$N$6:$N$3005,ERFASSUNG!$D$6:$D$3005,$A53)) | M53: =IF(OR($A53="",N($G$76)=0),"",G53/$G$76)
A54: =IF(LISTEN!$A$10="","",LISTEN!$A$10) | B54: =IF($A54="","",COUNTIFS(ERFASSUNG!$D$6:$D$3005,$A54)) | C54: =IF($A54="","",SUMIFS(ERFASSUNG!$E$6:$E$3005,ERFASSUNG!$D$6:$D$3005,$A54)) | D54: =IF($A54="","",SUMIFS(ERFASSUNG!$F$6:$F$3005,ERFASSUNG!$D$6:$D$3005,$A54)) | E54: =IF($A54="","",SUMIFS(ERFASSUNG!$G$6:$G$3005,ERFASSUNG!$D$6:$D$3005,$A54)) | F54: =IF($A54="","",SUMIFS(ERFASSUNG!$H$6:$H$3005,ERFASSUNG!$D$6:$D$3005,$A54)) | G54: =IF($A54="","",SUMIFS(ERFASSUNG!$I$6:$I$3005,ERFASSUNG!$D$6:$D$3005,$A54)) | H54: =IF($A54="","",SUMIFS(ERFASSUNG!$J$6:$J$3005,ERFASSUNG!$D$6:$D$3005,$A54)) | I54: =IF($A54="","",SUMIFS(ERFASSUNG!$K$6:$K$3005,ERFASSUNG!$D$6:$D$3005,$A54)) | J54: =IF($A54="","",SUMIFS(ERFASSUNG!$L$6:$L$3005,ERFASSUNG!$D$6:$D$3005,$A54)) | K54: =IF($A54="","",SUMIFS(ERFASSUNG!$M$6:$M$3005,ERFASSUNG!$D$6:$D$3005,$A54)) | L54: =IF($A54="","",SUMIFS(ERFASSUNG!$N$6:$N$3005,ERFASSUNG!$D$6:$D$3005,$A54)) | M54: =IF(OR($A54="",N($G$76)=0),"",G54/$G$76)
A55: =IF(LISTEN!$A$11="","",LISTEN!$A$11) | B55: =IF($A55="","",COUNTIFS(ERFASSUNG!$D$6:$D$3005,$A55)) | C55: =IF($A55="","",SUMIFS(ERFASSUNG!$E$6:$E$3005,ERFASSUNG!$D$6:$D$3005,$A55)) | D55: =IF($A55="","",SUMIFS(ERFASSUNG!$F$6:$F$3005,ERFASSUNG!$D$6:$D$3005,$A55)) | E55: =IF($A55="","",SUMIFS(ERFASSUNG!$G$6:$G$3005,ERFASSUNG!$D$6:$D$3005,$A55)) | F55: =IF($A55="","",SUMIFS(ERFASSUNG!$H$6:$H$3005,ERFASSUNG!$D$6:$D$3005,$A55)) | G55: =IF($A55="","",SUMIFS(ERFASSUNG!$I$6:$I$3005,ERFASSUNG!$D$6:$D$3005,$A55)) | H55: =IF($A55="","",SUMIFS(ERFASSUNG!$J$6:$J$3005,ERFASSUNG!$D$6:$D$3005,$A55)) | I55: =IF($A55="","",SUMIFS(ERFASSUNG!$K$6:$K$3005,ERFASSUNG!$D$6:$D$3005,$A55)) | J55: =IF($A55="","",SUMIFS(ERFASSUNG!$L$6:$L$3005,ERFASSUNG!$D$6:$D$3005,$A55)) | K55: =IF($A55="","",SUMIFS(ERFASSUNG!$M$6:$M$3005,ERFASSUNG!$D$6:$D$3005,$A55)) | L55: =IF($A55="","",SUMIFS(ERFASSUNG!$N$6:$N$3005,ERFASSUNG!$D$6:$D$3005,$A55)) | M55: =IF(OR($A55="",N($G$76)=0),"",G55/$G$76)
A56: =IF(LISTEN!$A$12="","",LISTEN!$A$12) | B56: =IF($A56="","",COUNTIFS(ERFASSUNG!$D$6:$D$3005,$A56)) | C56: =IF($A56="","",SUMIFS(ERFASSUNG!$E$6:$E$3005,ERFASSUNG!$D$6:$D$3005,$A56)) | D56: =IF($A56="","",SUMIFS(ERFASSUNG!$F$6:$F$3005,ERFASSUNG!$D$6:$D$3005,$A56)) | E56: =IF($A56="","",SUMIFS(ERFASSUNG!$G$6:$G$3005,ERFASSUNG!$D$6:$D$3005,$A56)) | F56: =IF($A56="","",SUMIFS(ERFASSUNG!$H$6:$H$3005,ERFASSUNG!$D$6:$D$3005,$A56)) | G56: =IF($A56="","",SUMIFS(ERFASSUNG!$I$6:$I$3005,ERFASSUNG!$D$6:$D$3005,$A56)) | H56: =IF($A56="","",SUMIFS(ERFASSUNG!$J$6:$J$3005,ERFASSUNG!$D$6:$D$3005,$A56)) | I56: =IF($A56="","",SUMIFS(ERFASSUNG!$K$6:$K$3005,ERFASSUNG!$D$6:$D$3005,$A56)) | J56: =IF($A56="","",SUMIFS(ERFASSUNG!$L$6:$L$3005,ERFASSUNG!$D$6:$D$3005,$A56)) | K56: =IF($A56="","",SUMIFS(ERFASSUNG!$M$6:$M$3005,ERFASSUNG!$D$6:$D$3005,$A56)) | L56: =IF($A56="","",SUMIFS(ERFASSUNG!$N$6:$N$3005,ERFASSUNG!$D$6:$D$3005,$A56)) | M56: =IF(OR($A56="",N($G$76)=0),"",G56/$G$76)
A57: =IF(LISTEN!$A$13="","",LISTEN!$A$13) | B57: =IF($A57="","",COUNTIFS(ERFASSUNG!$D$6:$D$3005,$A57)) | C57: =IF($A57="","",SUMIFS(ERFASSUNG!$E$6:$E$3005,ERFASSUNG!$D$6:$D$3005,$A57)) | D57: =IF($A57="","",SUMIFS(ERFASSUNG!$F$6:$F$3005,ERFASSUNG!$D$6:$D$3005,$A57)) | E57: =IF($A57="","",SUMIFS(ERFASSUNG!$G$6:$G$3005,ERFASSUNG!$D$6:$D$3005,$A57)) | F57: =IF($A57="","",SUMIFS(ERFASSUNG!$H$6:$H$3005,ERFASSUNG!$D$6:$D$3005,$A57)) | G57: =IF($A57="","",SUMIFS(ERFASSUNG!$I$6:$I$3005,ERFASSUNG!$D$6:$D$3005,$A57)) | H57: =IF($A57="","",SUMIFS(ERFASSUNG!$J$6:$J$3005,ERFASSUNG!$D$6:$D$3005,$A57)) | I57: =IF($A57="","",SUMIFS(ERFASSUNG!$K$6:$K$3005,ERFASSUNG!$D$6:$D$3005,$A57)) | J57: =IF($A57="","",SUMIFS(ERFASSUNG!$L$6:$L$3005,ERFASSUNG!$D$6:$D$3005,$A57)) | K57: =IF($A57="","",SUMIFS(ERFASSUNG!$M$6:$M$3005,ERFASSUNG!$D$6:$D$3005,$A57)) | L57: =IF($A57="","",SUMIFS(ERFASSUNG!$N$6:$N$3005,ERFASSUNG!$D$6:$D$3005,$A57)) | M57: =IF(OR($A57="",N($G$76)=0),"",G57/$G$76)
A58: =IF(LISTEN!$A$14="","",LISTEN!$A$14) | B58: =IF($A58="","",COUNTIFS(ERFASSUNG!$D$6:$D$3005,$A58)) | C58: =IF($A58="","",SUMIFS(ERFASSUNG!$E$6:$E$3005,ERFASSUNG!$D$6:$D$3005,$A58)) | D58: =IF($A58="","",SUMIFS(ERFASSUNG!$F$6:$F$3005,ERFASSUNG!$D$6:$D$3005,$A58)) | E58: =IF($A58="","",SUMIFS(ERFASSUNG!$G$6:$G$3005,ERFASSUNG!$D$6:$D$3005,$A58)) | F58: =IF($A58="","",SUMIFS(ERFASSUNG!$H$6:$H$3005,ERFASSUNG!$D$6:$D$3005,$A58)) | G58: =IF($A58="","",SUMIFS(ERFASSUNG!$I$6:$I$3005,ERFASSUNG!$D$6:$D$3005,$A58)) | H58: =IF($A58="","",SUMIFS(ERFASSUNG!$J$6:$J$3005,ERFASSUNG!$D$6:$D$3005,$A58)) | I58: =IF($A58="","",SUMIFS(ERFASSUNG!$K$6:$K$3005,ERFASSUNG!$D$6:$D$3005,$A58)) | J58: =IF($A58="","",SUMIFS(ERFASSUNG!$L$6:$L$3005,ERFASSUNG!$D$6:$D$3005,$A58)) | K58: =IF($A58="","",SUMIFS(ERFASSUNG!$M$6:$M$3005,ERFASSUNG!$D$6:$D$3005,$A58)) | L58: =IF($A58="","",SUMIFS(ERFASSUNG!$N$6:$N$3005,ERFASSUNG!$D$6:$D$3005,$A58)) | M58: =IF(OR($A58="",N($G$76)=0),"",G58/$G$76)
A59: =IF(LISTEN!$A$15="","",LISTEN!$A$15) | B59: =IF($A59="","",COUNTIFS(ERFASSUNG!$D$6:$D$3005,$A59)) | C59: =IF($A59="","",SUMIFS(ERFASSUNG!$E$6:$E$3005,ERFASSUNG!$D$6:$D$3005,$A59)) | D59: =IF($A59="","",SUMIFS(ERFASSUNG!$F$6:$F$3005,ERFASSUNG!$D$6:$D$3005,$A59)) | E59: =IF($A59="","",SUMIFS(ERFASSUNG!$G$6:$G$3005,ERFASSUNG!$D$6:$D$3005,$A59)) | F59: =IF($A59="","",SUMIFS(ERFASSUNG!$H$6:$H$3005,ERFASSUNG!$D$6:$D$3005,$A59)) | G59: =IF($A59="","",SUMIFS(ERFASSUNG!$I$6:$I$3005,ERFASSUNG!$D$6:$D$3005,$A59)) | H59: =IF($A59="","",SUMIFS(ERFASSUNG!$J$6:$J$3005,ERFASSUNG!$D$6:$D$3005,$A59)) | I59: =IF($A59="","",SUMIFS(ERFASSUNG!$K$6:$K$3005,ERFASSUNG!$D$6:$D$3005,$A59)) | J59: =IF($A59="","",SUMIFS(ERFASSUNG!$L$6:$L$3005,ERFASSUNG!$D$6:$D$3005,$A59)) | K59: =IF($A59="","",SUMIFS(ERFASSUNG!$M$6:$M$3005,ERFASSUNG!$D$6:$D$3005,$A59)) | L59: =IF($A59="","",SUMIFS(ERFASSUNG!$N$6:$N$3005,ERFASSUNG!$D$6:$D$3005,$A59)) | M59: =IF(OR($A59="",N($G$76)=0),"",G59/$G$76)
A60: =IF(LISTEN!$A$16="","",LISTEN!$A$16) | B60: =IF($A60="","",COUNTIFS(ERFASSUNG!$D$6:$D$3005,$A60)) | C60: =IF($A60="","",SUMIFS(ERFASSUNG!$E$6:$E$3005,ERFASSUNG!$D$6:$D$3005,$A60)) | D60: =IF($A60="","",SUMIFS(ERFASSUNG!$F$6:$F$3005,ERFASSUNG!$D$6:$D$3005,$A60)) | E60: =IF($A60="","",SUMIFS(ERFASSUNG!$G$6:$G$3005,ERFASSUNG!$D$6:$D$3005,$A60)) | F60: =IF($A60="","",SUMIFS(ERFASSUNG!$H$6:$H$3005,ERFASSUNG!$D$6:$D$3005,$A60)) | G60: =IF($A60="","",SUMIFS(ERFASSUNG!$I$6:$I$3005,ERFASSUNG!$D$6:$D$3005,$A60)) | H60: =IF($A60="","",SUMIFS(ERFASSUNG!$J$6:$J$3005,ERFASSUNG!$D$6:$D$3005,$A60)) | I60: =IF($A60="","",SUMIFS(ERFASSUNG!$K$6:$K$3005,ERFASSUNG!$D$6:$D$3005,$A60)) | J60: =IF($A60="","",SUMIFS(ERFASSUNG!$L$6:$L$3005,ERFASSUNG!$D$6:$D$3005,$A60)) | K60: =IF($A60="","",SUMIFS(ERFASSUNG!$M$6:$M$3005,ERFASSUNG!$D$6:$D$3005,$A60)) | L60: =IF($A60="","",SUMIFS(ERFASSUNG!$N$6:$N$3005,ERFASSUNG!$D$6:$D$3005,$A60)) | M60: =IF(OR($A60="",N($G$76)=0),"",G60/$G$76)
A61: =IF(LISTEN!$A$17="","",LISTEN!$A$17) | B61: =IF($A61="","",COUNTIFS(ERFASSUNG!$D$6:$D$3005,$A61)) | C61: =IF($A61="","",SUMIFS(ERFASSUNG!$E$6:$E$3005,ERFASSUNG!$D$6:$D$3005,$A61)) | D61: =IF($A61="","",SUMIFS(ERFASSUNG!$F$6:$F$3005,ERFASSUNG!$D$6:$D$3005,$A61)) | E61: =IF($A61="","",SUMIFS(ERFASSUNG!$G$6:$G$3005,ERFASSUNG!$D$6:$D$3005,$A61)) | F61: =IF($A61="","",SUMIFS(ERFASSUNG!$H$6:$H$3005,ERFASSUNG!$D$6:$D$3005,$A61)) | G61: =IF($A61="","",SUMIFS(ERFASSUNG!$I$6:$I$3005,ERFASSUNG!$D$6:$D$3005,$A61)) | H61: =IF($A61="","",SUMIFS(ERFASSUNG!$J$6:$J$3005,ERFASSUNG!$D$6:$D$3005,$A61)) | I61: =IF($A61="","",SUMIFS(ERFASSUNG!$K$6:$K$3005,ERFASSUNG!$D$6:$D$3005,$A61)) | J61: =IF($A61="","",SUMIFS(ERFASSUNG!$L$6:$L$3005,ERFASSUNG!$D$6:$D$3005,$A61)) | K61: =IF($A61="","",SUMIFS(ERFASSUNG!$M$6:$M$3005,ERFASSUNG!$D$6:$D$3005,$A61)) | L61: =IF($A61="","",SUMIFS(ERFASSUNG!$N$6:$N$3005,ERFASSUNG!$D$6:$D$3005,$A61)) | M61: =IF(OR($A61="",N($G$76)=0),"",G61/$G$76)
A62: =IF(LISTEN!$A$18="","",LISTEN!$A$18) | B62: =IF($A62="","",COUNTIFS(ERFASSUNG!$D$6:$D$3005,$A62)) | C62: =IF($A62="","",SUMIFS(ERFASSUNG!$E$6:$E$3005,ERFASSUNG!$D$6:$D$3005,$A62)) | D62: =IF($A62="","",SUMIFS(ERFASSUNG!$F$6:$F$3005,ERFASSUNG!$D$6:$D$3005,$A62)) | E62: =IF($A62="","",SUMIFS(ERFASSUNG!$G$6:$G$3005,ERFASSUNG!$D$6:$D$3005,$A62)) | F62: =IF($A62="","",SUMIFS(ERFASSUNG!$H$6:$H$3005,ERFASSUNG!$D$6:$D$3005,$A62)) | G62: =IF($A62="","",SUMIFS(ERFASSUNG!$I$6:$I$3005,ERFASSUNG!$D$6:$D$3005,$A62)) | H62: =IF($A62="","",SUMIFS(ERFASSUNG!$J$6:$J$3005,ERFASSUNG!$D$6:$D$3005,$A62)) | I62: =IF($A62="","",SUMIFS(ERFASSUNG!$K$6:$K$3005,ERFASSUNG!$D$6:$D$3005,$A62)) | J62: =IF($A62="","",SUMIFS(ERFASSUNG!$L$6:$L$3005,ERFASSUNG!$D$6:$D$3005,$A62)) | K62: =IF($A62="","",SUMIFS(ERFASSUNG!$M$6:$M$3005,ERFASSUNG!$D$6:$D$3005,$A62)) | L62: =IF($A62="","",SUMIFS(ERFASSUNG!$N$6:$N$3005,ERFASSUNG!$D$6:$D$3005,$A62)) | M62: =IF(OR($A62="",N($G$76)=0),"",G62/$G$76)
A63: =IF(LISTEN!$A$19="","",LISTEN!$A$19) | B63: =IF($A63="","",COUNTIFS(ERFASSUNG!$D$6:$D$3005,$A63)) | C63: =IF($A63="","",SUMIFS(ERFASSUNG!$E$6:$E$3005,ERFASSUNG!$D$6:$D$3005,$A63)) | D63: =IF($A63="","",SUMIFS(ERFASSUNG!$F$6:$F$3005,ERFASSUNG!$D$6:$D$3005,$A63)) | E63: =IF($A63="","",SUMIFS(ERFASSUNG!$G$6:$G$3005,ERFASSUNG!$D$6:$D$3005,$A63)) | F63: =IF($A63="","",SUMIFS(ERFASSUNG!$H$6:$H$3005,ERFASSUNG!$D$6:$D$3005,$A63)) | G63: =IF($A63="","",SUMIFS(ERFASSUNG!$I$6:$I$3005,ERFASSUNG!$D$6:$D$3005,$A63)) | H63: =IF($A63="","",SUMIFS(ERFASSUNG!$J$6:$J$3005,ERFASSUNG!$D$6:$D$3005,$A63)) | I63: =IF($A63="","",SUMIFS(ERFASSUNG!$K$6:$K$3005,ERFASSUNG!$D$6:$D$3005,$A63)) | J63: =IF($A63="","",SUMIFS(ERFASSUNG!$L$6:$L$3005,ERFASSUNG!$D$6:$D$3005,$A63)) | K63: =IF($A63="","",SUMIFS(ERFASSUNG!$M$6:$M$3005,ERFASSUNG!$D$6:$D$3005,$A63)) | L63: =IF($A63="","",SUMIFS(ERFASSUNG!$N$6:$N$3005,ERFASSUNG!$D$6:$D$3005,$A63)) | M63: =IF(OR($A63="",N($G$76)=0),"",G63/$G$76)
A64: =IF(LISTEN!$A$20="","",LISTEN!$A$20) | B64: =IF($A64="","",COUNTIFS(ERFASSUNG!$D$6:$D$3005,$A64)) | C64: =IF($A64="","",SUMIFS(ERFASSUNG!$E$6:$E$3005,ERFASSUNG!$D$6:$D$3005,$A64)) | D64: =IF($A64="","",SUMIFS(ERFASSUNG!$F$6:$F$3005,ERFASSUNG!$D$6:$D$3005,$A64)) | E64: =IF($A64="","",SUMIFS(ERFASSUNG!$G$6:$G$3005,ERFASSUNG!$D$6:$D$3005,$A64)) | F64: =IF($A64="","",SUMIFS(ERFASSUNG!$H$6:$H$3005,ERFASSUNG!$D$6:$D$3005,$A64)) | G64: =IF($A64="","",SUMIFS(ERFASSUNG!$I$6:$I$3005,ERFASSUNG!$D$6:$D$3005,$A64)) | H64: =IF($A64="","",SUMIFS(ERFASSUNG!$J$6:$J$3005,ERFASSUNG!$D$6:$D$3005,$A64)) | I64: =IF($A64="","",SUMIFS(ERFASSUNG!$K$6:$K$3005,ERFASSUNG!$D$6:$D$3005,$A64)) | J64: =IF($A64="","",SUMIFS(ERFASSUNG!$L$6:$L$3005,ERFASSUNG!$D$6:$D$3005,$A64)) | K64: =IF($A64="","",SUMIFS(ERFASSUNG!$M$6:$M$3005,ERFASSUNG!$D$6:$D$3005,$A64)) | L64: =IF($A64="","",SUMIFS(ERFASSUNG!$N$6:$N$3005,ERFASSUNG!$D$6:$D$3005,$A64)) | M64: =IF(OR($A64="",N($G$76)=0),"",G64/$G$76)
A65: =IF(LISTEN!$A$21="","",LISTEN!$A$21) | B65: =IF($A65="","",COUNTIFS(ERFASSUNG!$D$6:$D$3005,$A65)) | C65: =IF($A65="","",SUMIFS(ERFASSUNG!$E$6:$E$3005,ERFASSUNG!$D$6:$D$3005,$A65)) | D65: =IF($A65="","",SUMIFS(ERFASSUNG!$F$6:$F$3005,ERFASSUNG!$D$6:$D$3005,$A65)) | E65: =IF($A65="","",SUMIFS(ERFASSUNG!$G$6:$G$3005,ERFASSUNG!$D$6:$D$3005,$A65)) | F65: =IF($A65="","",SUMIFS(ERFASSUNG!$H$6:$H$3005,ERFASSUNG!$D$6:$D$3005,$A65)) | G65: =IF($A65="","",SUMIFS(ERFASSUNG!$I$6:$I$3005,ERFASSUNG!$D$6:$D$3005,$A65)) | H65: =IF($A65="","",SUMIFS(ERFASSUNG!$J$6:$J$3005,ERFASSUNG!$D$6:$D$3005,$A65)) | I65: =IF($A65="","",SUMIFS(ERFASSUNG!$K$6:$K$3005,ERFASSUNG!$D$6:$D$3005,$A65)) | J65: =IF($A65="","",SUMIFS(ERFASSUNG!$L$6:$L$3005,ERFASSUNG!$D$6:$D$3005,$A65)) | K65: =IF($A65="","",SUMIFS(ERFASSUNG!$M$6:$M$3005,ERFASSUNG!$D$6:$D$3005,$A65)) | L65: =IF($A65="","",SUMIFS(ERFASSUNG!$N$6:$N$3005,ERFASSUNG!$D$6:$D$3005,$A65)) | M65: =IF(OR($A65="",N($G$76)=0),"",G65/$G$76)
A66: =IF(LISTEN!$A$22="","",LISTEN!$A$22) | B66: =IF($A66="","",COUNTIFS(ERFASSUNG!$D$6:$D$3005,$A66)) | C66: =IF($A66="","",SUMIFS(ERFASSUNG!$E$6:$E$3005,ERFASSUNG!$D$6:$D$3005,$A66)) | D66: =IF($A66="","",SUMIFS(ERFASSUNG!$F$6:$F$3005,ERFASSUNG!$D$6:$D$3005,$A66)) | E66: =IF($A66="","",SUMIFS(ERFASSUNG!$G$6:$G$3005,ERFASSUNG!$D$6:$D$3005,$A66)) | F66: =IF($A66="","",SUMIFS(ERFASSUNG!$H$6:$H$3005,ERFASSUNG!$D$6:$D$3005,$A66)) | G66: =IF($A66="","",SUMIFS(ERFASSUNG!$I$6:$I$3005,ERFASSUNG!$D$6:$D$3005,$A66)) | H66: =IF($A66="","",SUMIFS(ERFASSUNG!$J$6:$J$3005,ERFASSUNG!$D$6:$D$3005,$A66)) | I66: =IF($A66="","",SUMIFS(ERFASSUNG!$K$6:$K$3005,ERFASSUNG!$D$6:$D$3005,$A66)) | J66: =IF($A66="","",SUMIFS(ERFASSUNG!$L$6:$L$3005,ERFASSUNG!$D$6:$D$3005,$A66)) | K66: =IF($A66="","",SUMIFS(ERFASSUNG!$M$6:$M$3005,ERFASSUNG!$D$6:$D$3005,$A66)) | L66: =IF($A66="","",SUMIFS(ERFASSUNG!$N$6:$N$3005,ERFASSUNG!$D$6:$D$3005,$A66)) | M66: =IF(OR($A66="",N($G$76)=0),"",G66/$G$76)
A67: =IF(LISTEN!$A$23="","",LISTEN!$A$23) | B67: =IF($A67="","",COUNTIFS(ERFASSUNG!$D$6:$D$3005,$A67)) | C67: =IF($A67="","",SUMIFS(ERFASSUNG!$E$6:$E$3005,ERFASSUNG!$D$6:$D$3005,$A67)) | D67: =IF($A67="","",SUMIFS(ERFASSUNG!$F$6:$F$3005,ERFASSUNG!$D$6:$D$3005,$A67)) | E67: =IF($A67="","",SUMIFS(ERFASSUNG!$G$6:$G$3005,ERFASSUNG!$D$6:$D$3005,$A67)) | F67: =IF($A67="","",SUMIFS(ERFASSUNG!$H$6:$H$3005,ERFASSUNG!$D$6:$D$3005,$A67)) | G67: =IF($A67="","",SUMIFS(ERFASSUNG!$I$6:$I$3005,ERFASSUNG!$D$6:$D$3005,$A67)) | H67: =IF($A67="","",SUMIFS(ERFASSUNG!$J$6:$J$3005,ERFASSUNG!$D$6:$D$3005,$A67)) | I67: =IF($A67="","",SUMIFS(ERFASSUNG!$K$6:$K$3005,ERFASSUNG!$D$6:$D$3005,$A67)) | J67: =IF($A67="","",SUMIFS(ERFASSUNG!$L$6:$L$3005,ERFASSUNG!$D$6:$D$3005,$A67)) | K67: =IF($A67="","",SUMIFS(ERFASSUNG!$M$6:$M$3005,ERFASSUNG!$D$6:$D$3005,$A67)) | L67: =IF($A67="","",SUMIFS(ERFASSUNG!$N$6:$N$3005,ERFASSUNG!$D$6:$D$3005,$A67)) | M67: =IF(OR($A67="",N($G$76)=0),"",G67/$G$76)
A68: =IF(LISTEN!$A$24="","",LISTEN!$A$24) | B68: =IF($A68="","",COUNTIFS(ERFASSUNG!$D$6:$D$3005,$A68)) | C68: =IF($A68="","",SUMIFS(ERFASSUNG!$E$6:$E$3005,ERFASSUNG!$D$6:$D$3005,$A68)) | D68: =IF($A68="","",SUMIFS(ERFASSUNG!$F$6:$F$3005,ERFASSUNG!$D$6:$D$3005,$A68)) | E68: =IF($A68="","",SUMIFS(ERFASSUNG!$G$6:$G$3005,ERFASSUNG!$D$6:$D$3005,$A68)) | F68: =IF($A68="","",SUMIFS(ERFASSUNG!$H$6:$H$3005,ERFASSUNG!$D$6:$D$3005,$A68)) | G68: =IF($A68="","",SUMIFS(ERFASSUNG!$I$6:$I$3005,ERFASSUNG!$D$6:$D$3005,$A68)) | H68: =IF($A68="","",SUMIFS(ERFASSUNG!$J$6:$J$3005,ERFASSUNG!$D$6:$D$3005,$A68)) | I68: =IF($A68="","",SUMIFS(ERFASSUNG!$K$6:$K$3005,ERFASSUNG!$D$6:$D$3005,$A68)) | J68: =IF($A68="","",SUMIFS(ERFASSUNG!$L$6:$L$3005,ERFASSUNG!$D$6:$D$3005,$A68)) | K68: =IF($A68="","",SUMIFS(ERFASSUNG!$M$6:$M$3005,ERFASSUNG!$D$6:$D$3005,$A68)) | L68: =IF($A68="","",SUMIFS(ERFASSUNG!$N$6:$N$3005,ERFASSUNG!$D$6:$D$3005,$A68)) | M68: =IF(OR($A68="",N($G$76)=0),"",G68/$G$76)
A69: =IF(LISTEN!$A$25="","",LISTEN!$A$25) | B69: =IF($A69="","",COUNTIFS(ERFASSUNG!$D$6:$D$3005,$A69)) | C69: =IF($A69="","",SUMIFS(ERFASSUNG!$E$6:$E$3005,ERFASSUNG!$D$6:$D$3005,$A69)) | D69: =IF($A69="","",SUMIFS(ERFASSUNG!$F$6:$F$3005,ERFASSUNG!$D$6:$D$3005,$A69)) | E69: =IF($A69="","",SUMIFS(ERFASSUNG!$G$6:$G$3005,ERFASSUNG!$D$6:$D$3005,$A69)) | F69: =IF($A69="","",SUMIFS(ERFASSUNG!$H$6:$H$3005,ERFASSUNG!$D$6:$D$3005,$A69)) | G69: =IF($A69="","",SUMIFS(ERFASSUNG!$I$6:$I$3005,ERFASSUNG!$D$6:$D$3005,$A69)) | H69: =IF($A69="","",SUMIFS(ERFASSUNG!$J$6:$J$3005,ERFASSUNG!$D$6:$D$3005,$A69)) | I69: =IF($A69="","",SUMIFS(ERFASSUNG!$K$6:$K$3005,ERFASSUNG!$D$6:$D$3005,$A69)) | J69: =IF($A69="","",SUMIFS(ERFASSUNG!$L$6:$L$3005,ERFASSUNG!$D$6:$D$3005,$A69)) | K69: =IF($A69="","",SUMIFS(ERFASSUNG!$M$6:$M$3005,ERFASSUNG!$D$6:$D$3005,$A69)) | L69: =IF($A69="","",SUMIFS(ERFASSUNG!$N$6:$N$3005,ERFASSUNG!$D$6:$D$3005,$A69)) | M69: =IF(OR($A69="",N($G$76)=0),"",G69/$G$76)
A70: =IF(LISTEN!$A$26="","",LISTEN!$A$26) | B70: =IF($A70="","",COUNTIFS(ERFASSUNG!$D$6:$D$3005,$A70)) | C70: =IF($A70="","",SUMIFS(ERFASSUNG!$E$6:$E$3005,ERFASSUNG!$D$6:$D$3005,$A70)) | D70: =IF($A70="","",SUMIFS(ERFASSUNG!$F$6:$F$3005,ERFASSUNG!$D$6:$D$3005,$A70)) | E70: =IF($A70="","",SUMIFS(ERFASSUNG!$G$6:$G$3005,ERFASSUNG!$D$6:$D$3005,$A70)) | F70: =IF($A70="","",SUMIFS(ERFASSUNG!$H$6:$H$3005,ERFASSUNG!$D$6:$D$3005,$A70)) | G70: =IF($A70="","",SUMIFS(ERFASSUNG!$I$6:$I$3005,ERFASSUNG!$D$6:$D$3005,$A70)) | H70: =IF($A70="","",SUMIFS(ERFASSUNG!$J$6:$J$3005,ERFASSUNG!$D$6:$D$3005,$A70)) | I70: =IF($A70="","",SUMIFS(ERFASSUNG!$K$6:$K$3005,ERFASSUNG!$D$6:$D$3005,$A70)) | J70: =IF($A70="","",SUMIFS(ERFASSUNG!$L$6:$L$3005,ERFASSUNG!$D$6:$D$3005,$A70)) | K70: =IF($A70="","",SUMIFS(ERFASSUNG!$M$6:$M$3005,ERFASSUNG!$D$6:$D$3005,$A70)) | L70: =IF($A70="","",SUMIFS(ERFASSUNG!$N$6:$N$3005,ERFASSUNG!$D$6:$D$3005,$A70)) | M70: =IF(OR($A70="",N($G$76)=0),"",G70/$G$76)
A71: =IF(LISTEN!$A$27="","",LISTEN!$A$27) | B71: =IF($A71="","",COUNTIFS(ERFASSUNG!$D$6:$D$3005,$A71)) | C71: =IF($A71="","",SUMIFS(ERFASSUNG!$E$6:$E$3005,ERFASSUNG!$D$6:$D$3005,$A71)) | D71: =IF($A71="","",SUMIFS(ERFASSUNG!$F$6:$F$3005,ERFASSUNG!$D$6:$D$3005,$A71)) | E71: =IF($A71="","",SUMIFS(ERFASSUNG!$G$6:$G$3005,ERFASSUNG!$D$6:$D$3005,$A71)) | F71: =IF($A71="","",SUMIFS(ERFASSUNG!$H$6:$H$3005,ERFASSUNG!$D$6:$D$3005,$A71)) | G71: =IF($A71="","",SUMIFS(ERFASSUNG!$I$6:$I$3005,ERFASSUNG!$D$6:$D$3005,$A71)) | H71: =IF($A71="","",SUMIFS(ERFASSUNG!$J$6:$J$3005,ERFASSUNG!$D$6:$D$3005,$A71)) | I71: =IF($A71="","",SUMIFS(ERFASSUNG!$K$6:$K$3005,ERFASSUNG!$D$6:$D$3005,$A71)) | J71: =IF($A71="","",SUMIFS(ERFASSUNG!$L$6:$L$3005,ERFASSUNG!$D$6:$D$3005,$A71)) | K71: =IF($A71="","",SUMIFS(ERFASSUNG!$M$6:$M$3005,ERFASSUNG!$D$6:$D$3005,$A71)) | L71: =IF($A71="","",SUMIFS(ERFASSUNG!$N$6:$N$3005,ERFASSUNG!$D$6:$D$3005,$A71)) | M71: =IF(OR($A71="",N($G$76)=0),"",G71/$G$76)
A72: =IF(LISTEN!$A$28="","",LISTEN!$A$28) | B72: =IF($A72="","",COUNTIFS(ERFASSUNG!$D$6:$D$3005,$A72)) | C72: =IF($A72="","",SUMIFS(ERFASSUNG!$E$6:$E$3005,ERFASSUNG!$D$6:$D$3005,$A72)) | D72: =IF($A72="","",SUMIFS(ERFASSUNG!$F$6:$F$3005,ERFASSUNG!$D$6:$D$3005,$A72)) | E72: =IF($A72="","",SUMIFS(ERFASSUNG!$G$6:$G$3005,ERFASSUNG!$D$6:$D$3005,$A72)) | F72: =IF($A72="","",SUMIFS(ERFASSUNG!$H$6:$H$3005,ERFASSUNG!$D$6:$D$3005,$A72)) | G72: =IF($A72="","",SUMIFS(ERFASSUNG!$I$6:$I$3005,ERFASSUNG!$D$6:$D$3005,$A72)) | H72: =IF($A72="","",SUMIFS(ERFASSUNG!$J$6:$J$3005,ERFASSUNG!$D$6:$D$3005,$A72)) | I72: =IF($A72="","",SUMIFS(ERFASSUNG!$K$6:$K$3005,ERFASSUNG!$D$6:$D$3005,$A72)) | J72: =IF($A72="","",SUMIFS(ERFASSUNG!$L$6:$L$3005,ERFASSUNG!$D$6:$D$3005,$A72)) | K72: =IF($A72="","",SUMIFS(ERFASSUNG!$M$6:$M$3005,ERFASSUNG!$D$6:$D$3005,$A72)) | L72: =IF($A72="","",SUMIFS(ERFASSUNG!$N$6:$N$3005,ERFASSUNG!$D$6:$D$3005,$A72)) | M72: =IF(OR($A72="",N($G$76)=0),"",G72/$G$76)
A73: =IF(LISTEN!$A$29="","",LISTEN!$A$29) | B73: =IF($A73="","",COUNTIFS(ERFASSUNG!$D$6:$D$3005,$A73)) | C73: =IF($A73="","",SUMIFS(ERFASSUNG!$E$6:$E$3005,ERFASSUNG!$D$6:$D$3005,$A73)) | D73: =IF($A73="","",SUMIFS(ERFASSUNG!$F$6:$F$3005,ERFASSUNG!$D$6:$D$3005,$A73)) | E73: =IF($A73="","",SUMIFS(ERFASSUNG!$G$6:$G$3005,ERFASSUNG!$D$6:$D$3005,$A73)) | F73: =IF($A73="","",SUMIFS(ERFASSUNG!$H$6:$H$3005,ERFASSUNG!$D$6:$D$3005,$A73)) | G73: =IF($A73="","",SUMIFS(ERFASSUNG!$I$6:$I$3005,ERFASSUNG!$D$6:$D$3005,$A73)) | H73: =IF($A73="","",SUMIFS(ERFASSUNG!$J$6:$J$3005,ERFASSUNG!$D$6:$D$3005,$A73)) | I73: =IF($A73="","",SUMIFS(ERFASSUNG!$K$6:$K$3005,ERFASSUNG!$D$6:$D$3005,$A73)) | J73: =IF($A73="","",SUMIFS(ERFASSUNG!$L$6:$L$3005,ERFASSUNG!$D$6:$D$3005,$A73)) | K73: =IF($A73="","",SUMIFS(ERFASSUNG!$M$6:$M$3005,ERFASSUNG!$D$6:$D$3005,$A73)) | L73: =IF($A73="","",SUMIFS(ERFASSUNG!$N$6:$N$3005,ERFASSUNG!$D$6:$D$3005,$A73)) | M73: =IF(OR($A73="",N($G$76)=0),"",G73/$G$76)
A74: =IF(LISTEN!$A$30="","",LISTEN!$A$30) | B74: =IF($A74="","",COUNTIFS(ERFASSUNG!$D$6:$D$3005,$A74)) | C74: =IF($A74="","",SUMIFS(ERFASSUNG!$E$6:$E$3005,ERFASSUNG!$D$6:$D$3005,$A74)) | D74: =IF($A74="","",SUMIFS(ERFASSUNG!$F$6:$F$3005,ERFASSUNG!$D$6:$D$3005,$A74)) | E74: =IF($A74="","",SUMIFS(ERFASSUNG!$G$6:$G$3005,ERFASSUNG!$D$6:$D$3005,$A74)) | F74: =IF($A74="","",SUMIFS(ERFASSUNG!$H$6:$H$3005,ERFASSUNG!$D$6:$D$3005,$A74)) | G74: =IF($A74="","",SUMIFS(ERFASSUNG!$I$6:$I$3005,ERFASSUNG!$D$6:$D$3005,$A74)) | H74: =IF($A74="","",SUMIFS(ERFASSUNG!$J$6:$J$3005,ERFASSUNG!$D$6:$D$3005,$A74)) | I74: =IF($A74="","",SUMIFS(ERFASSUNG!$K$6:$K$3005,ERFASSUNG!$D$6:$D$3005,$A74)) | J74: =IF($A74="","",SUMIFS(ERFASSUNG!$L$6:$L$3005,ERFASSUNG!$D$6:$D$3005,$A74)) | K74: =IF($A74="","",SUMIFS(ERFASSUNG!$M$6:$M$3005,ERFASSUNG!$D$6:$D$3005,$A74)) | L74: =IF($A74="","",SUMIFS(ERFASSUNG!$N$6:$N$3005,ERFASSUNG!$D$6:$D$3005,$A74)) | M74: =IF(OR($A74="",N($G$76)=0),"",G74/$G$76)
A75: =IF(LISTEN!$A$31="","",LISTEN!$A$31) | B75: =IF($A75="","",COUNTIFS(ERFASSUNG!$D$6:$D$3005,$A75)) | C75: =IF($A75="","",SUMIFS(ERFASSUNG!$E$6:$E$3005,ERFASSUNG!$D$6:$D$3005,$A75)) | D75: =IF($A75="","",SUMIFS(ERFASSUNG!$F$6:$F$3005,ERFASSUNG!$D$6:$D$3005,$A75)) | E75: =IF($A75="","",SUMIFS(ERFASSUNG!$G$6:$G$3005,ERFASSUNG!$D$6:$D$3005,$A75)) | F75: =IF($A75="","",SUMIFS(ERFASSUNG!$H$6:$H$3005,ERFASSUNG!$D$6:$D$3005,$A75)) | G75: =IF($A75="","",SUMIFS(ERFASSUNG!$I$6:$I$3005,ERFASSUNG!$D$6:$D$3005,$A75)) | H75: =IF($A75="","",SUMIFS(ERFASSUNG!$J$6:$J$3005,ERFASSUNG!$D$6:$D$3005,$A75)) | I75: =IF($A75="","",SUMIFS(ERFASSUNG!$K$6:$K$3005,ERFASSUNG!$D$6:$D$3005,$A75)) | J75: =IF($A75="","",SUMIFS(ERFASSUNG!$L$6:$L$3005,ERFASSUNG!$D$6:$D$3005,$A75)) | K75: =IF($A75="","",SUMIFS(ERFASSUNG!$M$6:$M$3005,ERFASSUNG!$D$6:$D$3005,$A75)) | L75: =IF($A75="","",SUMIFS(ERFASSUNG!$N$6:$N$3005,ERFASSUNG!$D$6:$D$3005,$A75)) | M75: =IF(OR($A75="",N($G$76)=0),"",G75/$G$76)
A76: SUMME | B76: =SUM(B46:B75) | C76: =SUM(C46:C75) | D76: =SUM(D46:D75) | E76: =SUM(E46:E75) | F76: =SUM(F46:F75) | G76: =SUM(G46:G75) | H76: =SUM(H46:H75) | I76: =SUM(I46:I75) | ... L76: =SUM(L46:L75)
A78: Wochentage | F78: Team im Jahr
A79: Wochentag | B79: Öffnungstage | C79: Kontakte | D79: Ø Kontakte | F79: Team | G79: Einsätze | H79: Stunden
A80: Montag | B80: =SUMIFS(KALENDER!$G$5:$G$370,KALENDER!$E$5:$E$370,1) | C80: =SUMIFS(KALENDER!$L$5:$L$370,KALENDER!$E$5:$E$370,1) | D80: =IF(B80=0,0,C80/B80) | F80: =IF(LISTEN!$C$2="","",LISTEN!$C$2) | G80: =IF($F80="","",COUNTIFS(ERFASSUNG!$P$6:$P$3005,$F80)+COUNTIFS(ERFASSUNG!$Q$6:$Q$3005,$F80)+COUNTIFS(ERFASSUNG!$R$6:$R$3005,$F80)) | H80: =IF($F80="","",SUMIFS(ERFASSUNG!$E$6:$E$3005,ERFASSUNG!$P$6:$P$3005,$F80)+SUMIFS(ERFASSUNG!$E$6:$E$3005,ERFASSUNG!$Q$6:$Q$3005,$F80)+SUMIFS(ERFASSUNG!$E$6:$E$3005,ERFASSUNG!$R$6:$R$3005,$F80))
A81: Dienstag | B81: =SUMIFS(KALENDER!$G$5:$G$370,KALENDER!$E$5:$E$370,2) | C81: =SUMIFS(KALENDER!$L$5:$L$370,KALENDER!$E$5:$E$370,2) | D81: =IF(B81=0,0,C81/B81) | F81: =IF(LISTEN!$C$3="","",LISTEN!$C$3) | G81: =IF($F81="","",COUNTIFS(ERFASSUNG!$P$6:$P$3005,$F81)+COUNTIFS(ERFASSUNG!$Q$6:$Q$3005,$F81)+COUNTIFS(ERFASSUNG!$R$6:$R$3005,$F81)) | H81: =IF($F81="","",SUMIFS(ERFASSUNG!$E$6:$E$3005,ERFASSUNG!$P$6:$P$3005,$F81)+SUMIFS(ERFASSUNG!$E$6:$E$3005,ERFASSUNG!$Q$6:$Q$3005,$F81)+SUMIFS(ERFASSUNG!$E$6:$E$3005,ERFASSUNG!$R$6:$R$3005,$F81))
A82: Mittwoch | B82: =SUMIFS(KALENDER!$G$5:$G$370,KALENDER!$E$5:$E$370,3) | C82: =SUMIFS(KALENDER!$L$5:$L$370,KALENDER!$E$5:$E$370,3) | D82: =IF(B82=0,0,C82/B82) | F82: =IF(LISTEN!$C$4="","",LISTEN!$C$4) | G82: =IF($F82="","",COUNTIFS(ERFASSUNG!$P$6:$P$3005,$F82)+COUNTIFS(ERFASSUNG!$Q$6:$Q$3005,$F82)+COUNTIFS(ERFASSUNG!$R$6:$R$3005,$F82)) | H82: =IF($F82="","",SUMIFS(ERFASSUNG!$E$6:$E$3005,ERFASSUNG!$P$6:$P$3005,$F82)+SUMIFS(ERFASSUNG!$E$6:$E$3005,ERFASSUNG!$Q$6:$Q$3005,$F82)+SUMIFS(ERFASSUNG!$E$6:$E$3005,ERFASSUNG!$R$6:$R$3005,$F82))
A83: Donnerstag | B83: =SUMIFS(KALENDER!$G$5:$G$370,KALENDER!$E$5:$E$370,4) | C83: =SUMIFS(KALENDER!$L$5:$L$370,KALENDER!$E$5:$E$370,4) | D83: =IF(B83=0,0,C83/B83) | F83: =IF(LISTEN!$C$5="","",LISTEN!$C$5) | G83: =IF($F83="","",COUNTIFS(ERFASSUNG!$P$6:$P$3005,$F83)+COUNTIFS(ERFASSUNG!$Q$6:$Q$3005,$F83)+COUNTIFS(ERFASSUNG!$R$6:$R$3005,$F83)) | H83: =IF($F83="","",SUMIFS(ERFASSUNG!$E$6:$E$3005,ERFASSUNG!$P$6:$P$3005,$F83)+SUMIFS(ERFASSUNG!$E$6:$E$3005,ERFASSUNG!$Q$6:$Q$3005,$F83)+SUMIFS(ERFASSUNG!$E$6:$E$3005,ERFASSUNG!$R$6:$R$3005,$F83))
A84: Freitag | B84: =SUMIFS(KALENDER!$G$5:$G$370,KALENDER!$E$5:$E$370,5) | C84: =SUMIFS(KALENDER!$L$5:$L$370,KALENDER!$E$5:$E$370,5) | D84: =IF(B84=0,0,C84/B84) | F84: =IF(LISTEN!$C$6="","",LISTEN!$C$6) | G84: =IF($F84="","",COUNTIFS(ERFASSUNG!$P$6:$P$3005,$F84)+COUNTIFS(ERFASSUNG!$Q$6:$Q$3005,$F84)+COUNTIFS(ERFASSUNG!$R$6:$R$3005,$F84)) | H84: =IF($F84="","",SUMIFS(ERFASSUNG!$E$6:$E$3005,ERFASSUNG!$P$6:$P$3005,$F84)+SUMIFS(ERFASSUNG!$E$6:$E$3005,ERFASSUNG!$Q$6:$Q$3005,$F84)+SUMIFS(ERFASSUNG!$E$6:$E$3005,ERFASSUNG!$R$6:$R$3005,$F84))
A85: Samstag | B85: =SUMIFS(KALENDER!$G$5:$G$370,KALENDER!$E$5:$E$370,6) | C85: =SUMIFS(KALENDER!$L$5:$L$370,KALENDER!$E$5:$E$370,6) | D85: =IF(B85=0,0,C85/B85) | F85: =IF(LISTEN!$C$7="","",LISTEN!$C$7) | G85: =IF($F85="","",COUNTIFS(ERFASSUNG!$P$6:$P$3005,$F85)+COUNTIFS(ERFASSUNG!$Q$6:$Q$3005,$F85)+COUNTIFS(ERFASSUNG!$R$6:$R$3005,$F85)) | H85: =IF($F85="","",SUMIFS(ERFASSUNG!$E$6:$E$3005,ERFASSUNG!$P$6:$P$3005,$F85)+SUMIFS(ERFASSUNG!$E$6:$E$3005,ERFASSUNG!$Q$6:$Q$3005,$F85)+SUMIFS(ERFASSUNG!$E$6:$E$3005,ERFASSUNG!$R$6:$R$3005,$F85))
A86: Sonntag | B86: =SUMIFS(KALENDER!$G$5:$G$370,KALENDER!$E$5:$E$370,7) | C86: =SUMIFS(KALENDER!$L$5:$L$370,KALENDER!$E$5:$E$370,7) | D86: =IF(B86=0,0,C86/B86) | F86: =IF(LISTEN!$C$8="","",LISTEN!$C$8) | G86: =IF($F86="","",COUNTIFS(ERFASSUNG!$P$6:$P$3005,$F86)+COUNTIFS(ERFASSUNG!$Q$6:$Q$3005,$F86)+COUNTIFS(ERFASSUNG!$R$6:$R$3005,$F86)) | H86: =IF($F86="","",SUMIFS(ERFASSUNG!$E$6:$E$3005,ERFASSUNG!$P$6:$P$3005,$F86)+SUMIFS(ERFASSUNG!$E$6:$E$3005,ERFASSUNG!$Q$6:$Q$3005,$F86)+SUMIFS(ERFASSUNG!$E$6:$E$3005,ERFASSUNG!$R$6:$R$3005,$F86))
